id,code,name,credit
1,011614,세종인을위한진로설계,1
2,009068,서양철학:쟁점과토론,3
3,010352,"English Listening Practice 1",2
4,010354,"English Reading Practice 1",2
5,011238,우주자연인간,1
6,011304,대학영어,2
7,012150,비판적사고와창의적글쓰기,3
8,008881,"인지과학:마음,언어,기계",3
9,009937,"공간과인간:인문,예술,공학의융합",3
10,010538,융합적사고,3
11,010797,융합적사고에기반한인문사회계글쓰기,3
12,010798,융합적사고에기반한이공계글쓰기,3
13,012056,새잎창의세미나,3
14,012082,우주와문명,3
15,001357,미적분학1,3
16,001362,미적분학2,3
17,002638,일반물리학1,4
18,002705,일반화학1,3
19,011297,컴퓨터사고기반기초코딩,3
20,011298,SW기초코딩,3
21,011300,고급프로그래밍활용,3
22,011320,인공지능과빅데이터,3
23,011321,인공지능활용,3
24,011322,고급인공지능활용,3
25,011526,사회과학수학,3
26,004558,채플1,0.5
27,004777,채플3,0.5
28,007343,신화와예술,3
29,007563,현대인과기독교,3
30,007731,철학과인간이해,3
31,008381,세종리더십,2
32,008882,동서양의윤리,3
33,008913,동양고전강독1,1
34,008914,서양고전강독1,1
35,009033,독서토론,2
36,009057,서양고전강독3,1
37,009489,세계사:인간과문명,3
38,009740,동양의철학사상-노장과불교,3
39,009775,동양종교의이해,3
40,009780,고전특강,1
41,009938,동서양고전문학강독,1
42,010357,수요집현강좌,1
43,010359,"SHP고전강좌:Reading Intellectus 1",3
44,010530,"SHP고전강좌:Writing Intellectus 1",3
45,010652,"SHP고전강좌:Building Intellectus 1",3
46,010663,"SHP고전강좌:Building Intellectus 2",1
47,011878,역사속의기독교,3
48,012153,정보사회의AI윤리,3
49,012268,세계종교,3
50,002074,여성학,3
51,004489,한국의전통과문화,3
52,005991,스피치커뮤니케이션,3
53,006422,성과문화,2
54,007345,미술심리치료,3
55,007779,현대인의정신건강과자기발견,2
56,008884,국가와정체성,3
57,008936,정치경제학의이해,3
58,009251,중급미술심리치료,3
59,009252,영상스토리텔링,3
60,009785,공간마케팅,3
61,010356,대학생을위한실용금융,2
62,010358,행복한가정만들기,3
63,012158,영화속조직의이해,3
64,012269,인간관계심리학,3
65,003129,지구과학개론,3
66,004763,과학사,3
67,004921,미생물의세계,3
68,005106,생명의미시적세계,3
69,005541,식물의세계,3
70,008885,과학기술과사회,3
71,008890,천문학의세계,3
72,008892,생명과학의미래,3
73,009936,"Technical Writing기초",2
74,010363,곤충의새로운가치,3
75,010542,K-MOOC:일반인을위한물리코딩,1
76,010543,K-MOOC:코딩과스토리텔링,1
77,011416,생활속의물리,3
78,011616,향과학의이해,3
79,011845,공학기술사,3
80,012059,생활속의수학,3
81,012061,물리학입문,3
82,012063,미적분학입문,3
83,012081,데이터로읽는세상,3
84,012159,K-MOOC:인공지능을위한고급수학,3
85,006214,일본어1,3
86,006844,"Intensive English",3
87,007207,기초중국어1,3
88,007208,기초중국어2,3
89,007214,글로벌잉글리쉬1,2
90,007321,생활일본어,3
91,007338,중국의정치경제와사회,3
92,007401,영어발음연습,3
93,007503,영어읽기연습,1
94,007504,영어듣기연습,1
95,008894,세계화와글로벌거버넌스,3
96,008898,영어로하는프리젠테이션,3
97,009046,글로벌잉글리쉬1(진로탐색),2
98,009048,글로벌잉글리쉬1(심화),1
99,009073,"English Speaking Strategies(TS) 1",2
100,009981,"English Listening",2
101,009982,"English Reading",2
102,010531,세계시민정신,3
103,010532,아시아공동체의이해,2
104,012154,"English Speaking Strategies(IELTS) 1",2
105,012156,"English Speaking Strategies(OPIC) 1",2
106,012161,기초프랑스어,3
107,012162,프랑스문화의이해,3
108,012163,기초스페인어,3
109,012164,스페인문화의이해,3
110,005565,스쿼시,1
111,006283,생활속의색채심리학,2
112,006425,스포츠와대중매체,2
113,006709,운동과다이어트,2
114,006711,건강과삶,2
115,009061,웰빙레저스포츠,2
116,009453,보컬트레이닝,3
117,010410,K-MOOC:웨어러블컴퓨터디자인,1
118,011093,골프,1
119,011324,K-MOOC:인공지능콘텐츠아트프로듀싱,1
120,012075,K-태권도1,2
121,012077,호신술,2
122,007221,진로설정과자기계발,2
123,008364,세종사회봉사1,1
124,008365,세종사회봉사2,1
125,009035,창업의이론과실제,3
126,010412,K-MOOC:콘텐츠산업의비즈니스전략,3
127,010651,진로오딧세이,1
128,010664,기술과창업,3
129,500914,행복학,3
130,501271,차문화와건강,3
131,501272,한일문화와의만남,3
132,501296,건강을지켜주는약초학,3
133,501299,이미지메이킹과매너,3
134,501332,나혼자영상만들기,3
135,501342,"예술,역사를만나다-고대와근대",3
136,501345,노동법,3
137,501354,설득력있는프레젠테이션,3
138,501370,국제이주와노동정책,3
139,010418,자기주도창의전공Ⅰ,3
140,010419,자기주도창의전공Ⅱ,3
141,010420,자기주도창의전공Ⅲ,3
142,010421,자기주도창의전공Ⅳ,3
143,008334,교육봉사활동1,1
144,008336,교육봉사활동3,2
145,012151,창업과기업가정신,1
146,006937,한국현대사,3
147,011305,동서양의사상과윤리,3
148,011306,성서와기독교,3
149,011307,세계사,3
150,011308,생명과학의이해,3
151,011310,지구환경과기후변화,3
152,011311,현대과학으로의초대,3
153,011312,경영학,3
154,011313,경제학,3
155,011314,미디어빅뱅과방송,3
156,011316,융합예술의이해,3
157,011317,컴퓨터게임과메타버스,3
158,011318,한국의문화와한류,3
159,011319,현대예술의이해,3
160,007082,취업과진로,2
161,012160,직무적성검사의이해,1
162,000486,교육사회,2
163,000525,교육학개론,2
164,012152,취창업과진로역량개발,1
165,010083,취업전략및사회진출,2
166,000464,교육과정,2
167,000520,교육평가,2
168,007849,교직소양을위한독서강좌1,1
169,008283,교직실무,1
170,012070,디지털교육,1
171,010653,안보학,3
172,008276,학교현장실습,2
173,008910,생활지도및상담,2
174,010655,조직리더십,3
175,004559,한국문학의이해,3
176,010434,의사소통교육론,3
177,000588,국어문법론,3
178,008355,한국한문학의이해,3
179,004564,한국현대소설론,3
180,005329,국어교육론,3
181,000596,국어의미론,3
182,006855,한국현대시론,3
183,007832,국어교과교육론,3
184,008363,시조가사론,3
185,012097,AI와언어데이터분석,3
186,008370,독서교육론,3
187,008371,한국문학과문화콘텐츠,3
188,010111,졸업연구및진로1,1
189,008416,일본사회의이해,3
190,009495,중국어입문,3
191,011487,언어이야기,3
192,011639,초급일본어1,3
193,011745,시장경제의원리,3
194,011778,언어학과디지털휴머니티,3
195,007821,영어의미의흐름,3
196,007819,영국사회와문학,3
197,007820,영어음성음운론,3
198,007833,영어교과교육론,3
199,007933,현대영어학의흐름,3
200,010326,언어과학,3
201,005840,영어속의논리,3
202,011783,영어문법의이해와활용,3
203,008373,영미작가이야기,3
204,010366,인지체계와의사소통능력,3
205,011779,영미드라마의이해,3
206,011946,디지털일본학과AI리터러시,3
207,007909,일본어문법,3
208,010373,일본어작문,3
209,011638,중급일본어,3
210,005068,일본의무대예술,3
211,010379,일본어학개론,3
212,009084,일본현대사,3
213,006408,일본어능력시험,0
214,008413,현대일본과국제사회,3
215,009101,일본언어문화론,3
216,010387,거시경제의이해,3
217,010517,동아시아근현대사,3
218,007689,중급중국어1,3
219,009497,중급중국어연습1,3
220,008758,중국어능력시험,0
221,009506,중국문학과문화,3
222,011572,중국어회화연습1,3
223,007749,중국경제론,3
224,008751,중국정치사회론,3
225,010515,한류와문화산업,3
226,010522,경제신문독해,3
227,011672,역사와역사콘텐츠의이해,3
228,012104,인류의기원과선사문화,3
229,010253,역사학개론,3
230,001646,서양고대사,3
231,010252,동아시아고대사,3
232,010804,서양근세문화사,3
233,003518,한국근세사,3
234,007835,역사교과교육론,3
235,010255,동아시아근세사,3
236,011900,AI디지털기반역사문화자원큐레이션,3
237,007746,쟁점동양사,3
238,008418,쟁점서양사,3
239,010258,쟁점한국사,3
240,008734,교육학의탐구,3
241,010808,대학의이해,3
242,005071,교육철학의이해,3
243,008737,교육심리의이론과실제,3
244,000451,교수학습이론,3
245,001397,발달심리학,3
246,003402,평생교육론,3
247,006439,기업교육론,3
248,007813,원격교육론,3
249,007836,교육학교과교육론,3
250,010548,진로상담의이해와실제,3
251,010810,교육정책탐구,3
252,006689,학생상담의이론과실제,3
253,007814,교육평가론,3
254,007856,평생교육실습,3
255,011643,융합사회의정부와행정,3
256,002527,인사행정론,3
257,009908,조직론1,3
258,003147,지방행정론,3
259,011841,행정통계분석(기초),3
260,003000,정책론,3
261,000922,도시행정론,3
262,003047,조사방법론,3
263,007596,전자정부론,3
264,007837,일반사회교과교육론,3
265,011644,AI시대의행정철학과윤리,3
266,000288,공기업론,3
267,007183,공법연습,3
268,008616,정책분석평가론,3
269,011840,복지정책론,3
270,004208,인간커뮤니케이션,3
271,004659,커뮤니케이션조사방법론,3
272,006691,커뮤니케이션이론,3
273,007396,정보리터러시,3
274,008427,광고매체기획,3
275,010467,영상콘텐츠제작기초,3
276,007404,디지털미디어와사회,3
277,007407,대중문화론,3
278,010470,디지털저널리즘,3
279,011558,PR전략,3
280,011560,광고크리에이티브,3
281,010474,콘텐츠글쓰기,3
282,010476,IMC전략과소비자,3
283,010477,영상제작워크샵,3
284,008802,법학입문,3
285,009600,헌법1,3
286,009602,민법총칙,3
287,009608,형법총론,3
288,008708,논리와논술,3
289,008711,상행위법,3
290,009604,채권총론,3
291,003706,행정법1,3
292,001757,세법,3
293,008724,노동법,3
294,008732,금융법,3
295,009607,형사소송법,3
296,000137,경영학원론,3
297,002869,재무관리,3
298,004008,회계원리1,3
299,004076,마케팅관리,3
300,005155,경영통계학,3
301,009253,경영과학,3
302,009277,비즈니스커뮤니케이션1,3
303,009867,"Global Marketing",3
304,010131,경영기초영어,3
305,002340,원가회계,3
306,006799,보험과리스크,3
307,006858,서비스마케팅,3
308,007186,인적자원관리,3
309,007187,조직관리,3
310,007188,비즈니스인텔리전스,3
311,007253,기업윤리와사회적책임,3
312,007436,마케팅커뮤니케이션,3
313,007991,서비스운영관리,3
314,008437,채권분석,3
315,009255,경영데이터관리,3
316,009256,CEO멘토링1,2
317,009872,중급회계1,3
318,010391,상업교과교육론,3
319,010495,상업교수법,3
320,010615,마케팅애널리틱스,3
321,011531,조직연구,3
322,011935,회계AI애널리틱스,3
323,000834,노사관계론,3
324,003993,회계감사,3
325,006698,공급사슬관리,3
326,008486,리더십,3
327,009258,브랜드관리,3
328,010486,금융위험관리,3
329,010492,비즈니스애널리틱스,3
330,012263,실용금융,3
331,000200,경제학원론,3
332,001342,미시경제학,3
333,007768,경제수학,3
334,000209,계량경제학,3
335,000183,경제통합론,3
336,000659,국제무역론,3
337,003498,한국경제론,3
338,003954,화폐금융론,3
339,010448,빅데이터론,3
340,000830,노동경제학,3
341,007379,문화경제학,3
342,011835,경제학세미나1,3
343,012198,법경제학,3
344,011618,Hospitality경영원론,3
345,003855,호텔경영론,3
346,003998,회계원리,3
347,009614,호텔관광마케팅,3
348,000362,관광자원론,3
349,009888,축제경영연구,3
350,011607,AI와호스피탈리티산업,3
351,011609,호텔관광조직행동론,3
352,012224,논코딩데이터프로그래밍,3
353,004074,호텔관광재무관리,3
354,005282,카지노산업론,3
355,007439,여가공간계획론,3
356,007509,문화관광경영론,3
357,007839,관광교과교육론,3
358,009772,MICE산업론,3
359,009901,호텔관광연구방법론,3
360,009904,호텔관광사례연구세미나,3
361,009905,호텔관광기업가정신과리더쉽,3
362,010182,관광개발론,3
363,010183,호텔관광의사결정방법론,3
364,010184,호텔관광데이터분석,3
365,012226,호텔관광AI의사결정체계,3
366,004469,조리원리,3
367,007385,외식산업경영론,3
368,008453,기초한국조리실습,3
369,011481,외식서비스오퍼레이션,3
370,007312,외국조리실습,3
371,009515,외식경영통계,3
372,009765,바리스타및음료실습2,3
373,011479,주류개론및응용,3
374,011484,F&B품질평가관리,3
375,006463,레스토랑경영론,3
376,010684,"SFM 외식데이터분석",3
377,010829,외식경영과학,3
378,009113,경영학원론,3
379,009114,마케팅원론,3
380,009351,관광산업의이해,3
381,009389,호텔외식경영실무1,3
382,003093,주류학,3
383,007445,식음료원가관리,3
384,009397,호텔외식경영실무3,3
385,011457,HRT디지털마케팅,3
386,012194,OTA경영캡스톤디자인,3
387,009118,HRT프랜차이즈시스템및경영론,3
388,009127,HRT소비자행동,3
389,009399,호텔외식경영실무5,3
390,009134,HRT프랜차이즈컨설팅,3
391,009401,호텔외식경영실무7,3
392,011475,HRT빅데이터기반상권분석,3
393,011811,경영학이해,3
394,010194,호텔연회기획과케이터링경영,3
395,010554,고객커뮤니케이션전략,3
396,011847,식음료영양헬스케어,3
397,009385,호텔기업경영론,3
398,009393,호텔외식마케팅,3
399,011600,호텔외식회계원리,3
400,010161,식품관련법규,3
401,010860,호텔외식조리경영실무5,3
402,009405,호텔외식마케팅조사론,3
403,009408,호텔외식컨설팅,3
404,010862,호텔외식조리경영실무7,3
405,010858,호텔외식조리경영실무3,3
406,011536,식재료구매유통관리론,3
407,010844,K-Food&세계요리실습,3
408,011587,외식빅데이터마이닝&시각화,3
409,009387,호텔외식원가관리,3
410,010869,카페베이커리실습,3
411,011631,기초통계학,3
412,006646,해석학개론1,3
413,007645,선형대수학1,3
414,011464,고급통계학,3
415,003064,조합론,3
416,004299,현대대수학1,3
417,004302,수리통계학1,3
418,002998,정수론,3
419,004029,회귀분석1,3
420,004081,전산통계실습,3
421,004102,수치해석,3
422,011274,계산수학2,3
423,002347,위상수학1,3
424,006469,범주형자료분석,3
425,002095,역학1,3
426,003677,항성천문학,3
427,001776,수리물리1,3
428,009700,기초계산과학,3
429,010884,현대물리학및실험,3
430,002035,양자역학1,3
431,002977,전자기학2,3
432,003182,천체물리학,3
433,007740,항성대기,3
434,010555,고급계산과학,3
435,011435,기초회로와센서실험,3
436,000283,고체물리학1,3
437,003335,통계물리학,3
438,007741,현대우주론,3
439,008044,전파천문학,3
440,009138,디스플레이광학,3
441,010886,데이터분석기법,3
442,002712,일반화학2,3
443,001476,분석화학실험,3
444,002354,유기화학1,3
445,002982,정량분석화학,3
446,007793,향장화학,3
447,008577,화학을위한물리,3
448,001114,무기화학,3
449,001283,물리화학2,3
450,001288,물리화학실험,3
451,004461,기기분석화학,3
452,006970,유기메카니즘,3
453,007840,화학교과교육론,3
454,011445,이차전지개론,3
455,004462,생화학,3
456,004309,유기합성,3
457,010557,신소재화학,3
458,002351,유기화학,3
459,004283,일반미생물학및실험,3
460,005194,생물리화학,3
461,001957,식품화학1,3
462,007468,식품공학,3
463,006591,기능성식품학,3
464,007612,향미화학및관능평가,3
465,009829,식품가공학및실험(종합설계),3
466,010196,동물생명식품학,3
467,010200,식품기기분석,3
468,010888,식품위해미생물학및실험,3
469,007611,식품분석및실험,3
470,009827,식품냉동학,3
471,011082,향장식품소재공학,3
472,012134,식품정밀발효,3
473,006847,일반생물학1,3
474,004282,생화학1,3
475,004281,유기화학,3
476,008602,일반생리학,3
477,005212,세포생물학1,3
478,007818,분자생물학1및실험,3
479,005622,대사생화학,3
480,005643,생명의약학,3
481,006920,면역학2,3
482,009679,응용균학,3
483,005211,생물화학공학,3
484,008065,줄기세포학,3
485,008604,후성유전학,3
486,009326,단백질공학,3
487,009687,인지뇌과학,3
488,011975,바이오메디컬AI,3
489,012127,첨단바이오제약공학,3
490,012133,생명공학종합설계-캡스톤디자인1,3
491,009697,일반유전학,3
492,009855,재배학및실습,3
493,005458,생화학및실험,3
494,008960,식물생리학및실험,3
495,012119,AI기반생물정보학,3
496,012121,유전체학과AI,3
497,012123,AI기반분자육종학및실험,3
498,008972,종묘생산학,3
499,009672,생체신호전달,3
500,012124,AI활용식물스트레스생물학,3
501,011122,분자세포생물학및실험1,3
502,011123,식물생명과학및실습,3
503,011124,수산생물학및실험,3
504,011952,머신러닝기초및실습,3
505,011982,기능성바이오소재탐색,3
506,011128,종자생명산업과학및실습1,3
507,011135,천연물화학및실험1,3
508,004702,면역학,3
509,008974,생물정보학,3
510,011134,어류생리학,3
511,011976,산업및기능성곤충학,3
512,009267,빅데이터분석,3
513,011978,바이오식의약캡스톤디자인,3
514,006558,무선통신공학,3
515,006562,초고주파공학,3
516,007059,음향공학,3
517,007585,통신시스템설계,3
518,009654,전자정보통신공학특강A,3
519,009661,반도체공정실험,3
520,009662,전자회로설계,3
521,009947,캡스톤디자인A,3
522,011366,반도체종합설계A,6
523,011368,시스템반도체설계,3
524,011372,마이크로패키징,3
525,011383,반도체소자제작및실습1,3
526,011385,반도체시스템이론및실습,3
527,009960,Capstone디자인(산학협력프로젝트),6
528,006132,영상처리,3
529,006135,정보보호개론,3
530,006478,무선통신,3
531,009665,패턴인식,3
532,011771,K-MOOC:생성형인공지능입문,3
533,011924,최신기술콜로키움3,1
534,012001,지능형엣지시스템,3
535,012008,AI기반악성코드분석,3
536,012168,K-MOOC:디지털포렌식,3
537,006208,가상현실,3
538,010000,기계학습,3
539,011904,생성형AI,3
540,012165,연구실인턴십3,3
541,010564,고급데이터처리,3
542,010237,AI로봇설계,3
543,010238,딥러닝시스템,3
544,005764,졸업작품(P/NP),0
545,012035,제너레이티브디자인,3
546,012036,AI활용UX디자인,3
547,012181,디지털미디어캡스톤디자인프로젝트1,3
548,012183,아이덴티티캡스톤디자인1,3
549,012184,제품및운송기기캡스톤디자인3,3
550,012186,제품시스템캡스톤디자인1,3
551,010298,애니메이션코어스튜디오1,3
552,010300,웹툰커넥션프로덕션1,3
553,012215,만화·애니캡스톤디자인1,3
554,004474,통신이론,3
555,004600,디지털신호처리,3
556,004699,데이터통신,3
557,007453,전자회로1,3
558,009649,전자기1,3
559,011674,고급물리전자,3
560,002505,인공지능,3
561,004475,자동제어,3
562,007235,랜덤프로세스,3
563,008076,기초광학및실험,3
564,007330,확률및통계,3
565,009912,C프로그래밍및실습,3
566,004114,전기회로,3
567,008622,확률및랜덤변수,3
568,011678,기초전자물리,3
569,000307,공업수학2,3
570,004268,데이터구조론,3
571,005611,디지털논리회로,3
572,008621,MATLAB프로그래밍,3
573,004110,전기회로,3
574,011260,파이썬기반기계학습,3
575,011984,디지털트윈개론,3
576,011986,자료구조및알고리즘,3
577,011345,반도체개론,3
578,011441,기초물리전자공학,3
579,011936,반도체응용수학,3
580,011983,전기회로1,3
581,011351,반도체특화연구및실험2,3
582,006152,전자기학,3
583,007722,전자회로2,3
584,011358,반도체소자공학,3
585,011359,나노소재의합성및응용,3
586,004118,디지털시스템,3
587,009913,고급C프로그래밍및실습,3
588,009952,자료구조및실습,3
589,006237,웹프로그래밍,3
590,009914,공학설계기초(산학프로젝트입문),3
591,009992,문제해결및실습:C++,3
592,011251,K-MOOC:모두를위한머신러닝,3
593,004310,운영체제,3
594,005246,신호및시스템,3
595,006474,C#프로그래밍,3
596,007219,데이터베이스,3
597,007313,프로그래밍언어의개념,3
598,010881,딥러닝,3
599,011921,최신기술콜로키움1,1
600,012142,지능형컴퓨터그래픽스,3
601,003284,컴퓨터네트워크,3
602,009173,정보보호와보안의기초,3
603,009955,이산수학및프로그래밍,3
604,009520,공개키암호론,3
605,009986,운영체제및보안,3
606,011566,K-MOOC:데이터베이스보안,3
607,011971,K-MOOC:메모리익스플로잇:해킹과방어,3
608,011973,정보보호연구입문,3
609,009957,오픈소스SW개론,3
610,011488,자료구조및실습,3
611,012009,객체지향프로그래밍:C++,3
612,010206,일반물리및시뮬레이션,3
613,012012,디지털이미지프로그래밍,3
614,010142,데이터분석개론,3
615,011499,인공지능수학,3
616,010148,텍스트마이닝,3
617,010227,컴퓨터구조및운영체제,3
618,011509,딥러닝실습,3
619,011514,컴퓨터비전,3
620,010224,창의SW기초설계,3
621,004642,동역학,3
622,011428,AI로봇프로그래밍,3
623,011647,메카트로닉스,3
624,001823,수치해석,3
625,001878,시스템프로그래밍,3
626,004599,통신시스템,3
627,011506,영상처리,3
628,011649,구동시스템,3
629,001275,물리학및실험1,3
630,008785,애니메이션기초1,3
631,010306,2D디자인,3
632,010307,3D디자인,3
633,012208,웹툰·만화기초1,3
634,003313,타이포그래피,2
635,006225,기초렌더링,3
636,010310,프로덕트디자인2,3
637,010312,비주얼커뮤니케이션디자인2,3
638,010314,디자인인모션1,3
639,011910,스마트UX&UI디자인1,3
640,000703,그래픽디자인1,3
641,010329,프로덕트&모빌리티디자인1,3
642,010333,스마트프로덕트디자인1,3
643,010335,3D그래픽어플리케이션,3
644,010336,인포그래픽,3
645,008790,콘텐츠기획1,3
646,010279,내러티브워크숍,3
647,010281,애니메이션액팅1,3
648,011185,프리비즈워크숍1,3
649,012209,컴퓨터그래픽스기초1,3
650,012219,웹툰·만화제작1,3
651,011090,디지털코믹스제작1,3
652,011191,비주얼디벨롭먼트1,3
653,011088,이펙트디자인1,3
654,011187,애니메이션워크숍1,3
655,012211,컴퓨터그래픽스고급1,3
656,012213,애니메이션디렉팅종합설계1,3
657,012169,국가·국방사이버안보론,3
658,009224,리눅스의기초및실습,3
659,010220,북한학,3
660,011901,지능사물인터넷개론,3
661,006139,임베디드시스템,3
662,012092,지능형IoT융합서비스(모듈형),3
663,011990,지능IoT플랫폼,3
664,012027,사물강화학습,3
665,012170,IoT네트워크,3
666,012171,IoT통신시스템,3
667,012174,SIP창업실행세미나,3
668,012175,SIP재무투자세미나,1
669,012172,IoT산업연계실습1,3
670,012191,병영체험1,0
671,012192,전쟁론,3
672,000304,공업수학1,3
673,011277,건축기초설계,3
674,006153,건축구조시스템,3
675,006154,건축환경개론,3
676,004321,구조역학2,3
677,007663,건축환경설계,3
678,008180,건설관리및경영,3
679,004431,건축일반구조,3
680,006479,건축기계설비시스템,3
681,007662,철근콘크리트공학,3
682,012037,건축공학AI,3
683,007812,공학설계A,3
684,004704,철골구조,3
685,006574,건축전기설비시스템,3
686,006932,건축실무,3
687,008182,구조계획및설계,3
688,003353,통계학개론,3
689,006157,스튜디오1,6
690,006776,건축디지털디자인1,3
691,011280,표현과매체,3
692,006481,스튜디오3,6
693,007828,건축시공및관리,3
694,011286,현대건축사,3
695,011283,디지털패브리케이션,3
696,006577,건축법제도,3
697,006663,스튜디오5,6
698,008642,프로젝트관리론,3
699,006765,도시계획,3
700,010273,건축구조역학,3
701,006930,스튜디오7,6
702,007177,공간과사회,3
703,004280,응용역학및연습1,3
704,004674,환경공학및실험,3
705,010657,유체역학및연습,3
706,007153,기초창의설계,3
707,010589,콘크리트공학,3
708,010590,구조공학,3
709,004852,측량학,3
710,010591,재해방지공학,3
711,010593,강구조공학,3
712,011426,스마트수처리시스템공학,3
713,004710,해안및항만공학,3
714,004898,내진설계,3
715,005222,도로공학,3
716,010598,건설CAD,3
717,011963,AI기반건설환경데이터분석,3
718,011436,환경해양학,3
719,012243,지구시스템모델링입문,3
720,007738,토양지하수환경학,3
721,010902,졸업논문연구,3
722,009638,환경에너지전문가과정연습,3
723,005217,재료열역학1,3
724,006682,결정구조및X-선회절,3
725,006680,신소재과학1,3
726,007160,전기전자공학,3
727,009196,공학기초설계실험,3
728,012205,나노신소재화학,3
729,012207,재료전자기학,3
730,005650,고체물리,3
731,006683,확산및상변태,3
732,000264,고분자화학,3
733,005918,반도체재료,3
734,007315,기초물리화학,3
735,008495,에너지재료,3
736,009024,산화물재료,3
737,010079,금속과세라믹기초설계및실험,3
738,007274,고분자합성,3
739,007460,초미립소재학,3
740,007461,자성체재료,3
741,009020,반도체나노소자,3
742,010081,나노신소재창의연구1(종합설계),3
743,000787,기초역학,3
744,004510,고체역학,3
745,004714,열역학,3
746,006889,기계제도및CAD,3
747,007620,기초설계,3
748,006312,기계제작법,3
749,005233,유체기계,3
750,006891,기계진동학,3
751,007698,응용기계설계,3
752,005232,기초유한요소법,3
753,006486,로보틱스,3
754,007465,연소공학개론,3
755,009850,종합설계A,3
756,012230,에너지자원시스템개론,3
757,009541,전산프로그래밍및실습,3
758,010916,위성원격탐사개론및실습,3
759,011796,지구시스템의이해,3
760,011577,지하공간활용공학,3
761,006657,지질공학및실습,3
762,011800,금속생산회수공학,3
763,011802,디지털자료처리및실습,3
764,011941,지오빅데이터활용,3
765,012237,에너지자원AI로봇공학및실습,3
766,008991,원자및핵물리,3
767,010924,양자공학개론,3
768,011390,원자력공학개론1,3
769,009568,원자로열역학,3
770,009002,원자로열수력학,3
771,009571,방사선계측및실험,3
772,009846,원자력발전소구조해석,3
773,010929,원자로해석실무,3
774,010930,원자로동역학및보호계통,3
775,012019,미래형원전재료,3
776,009590,원자력안전과물리적방호,3
777,009618,환경공학개론,3
778,009815,기상대기과학,3
779,011434,환경정보공학,3
780,012242,데이터기반수질문제해결PBL,3
781,011360,우주항공입문,3
782,011406,항공우주제도및CAD,3
783,006885,비행동역학,3
784,004715,진동학,3
785,004756,압축성유체역학,3
786,010662,메카트로닉스종합설계,3
787,011352,항공우주AI기초,3
788,007164,응용공기역학및설계,3
789,008115,로켓공학및설계,3
790,009249,항공우주공학연구1,3
791,009835,종합설계1,3
792,010922,자율비행체시스템설계2,3
793,011829,자율비행체공학개론,3
794,004755,항공기구조역학,3
795,011827,공기역학2,3
796,008764,군사학개론,3
797,011378,비행기초역학1,3
798,009530,관숙비행,1
799,009532,비행역학,3
800,011067,모의비행이론및실습,3
801,011070,항공안전관리론,3
802,011369,우주기술운용체계1,3
803,006164,무인항공기설계1,3
804,011073,모의비행실습2,2
805,004508,디지털시스템및실험,3
806,008766,군대윤리,3
807,010213,장교직무교육세미나3,0
808,008768,선형대수와시스템이론,3
809,010215,장교직무교육세미나5,0
810,010932,고급프로그래밍언어,3
811,008922,무기체계공학,3
812,010217,장교직무교육세미나7,0
813,008777,응용제어시스템,3
814,008929,로봇공학,3
815,009207,전자전,3
816,010935,국방딥러닝신호처리,3
817,010939,통신공학,3
818,000806,기초한국화1,2
819,005681,기초회화1,2
820,004120,기초소묘,2
821,008659,서양미술사1,2
822,000773,기초서양화1,3
823,009543,인물화,3
824,001798,수묵화,2
825,002398,유화기법1,2
826,003561,한국미술사,2
827,005105,컴퓨터드로잉1,2
828,011236,공간연구,2
829,002390,유화1,3
830,004127,한국화1,3
831,001643,서.현대회화,2
832,003810,현대미술론,2
833,004129,한.현대회화,2
834,007381,멀티미디어와회화1,2
835,007843,미술교과교육론,3
836,001629,서.종합실기1,3
837,004747,한.종합실기1,3
838,005624,사진과회화,1
839,012199,한.캡스톤디자인1,2
840,012200,서.캡스톤디자인1,2
841,008505,기초패턴설계,3
842,010941,패션디자인기초,3
843,008506,패션디자인,3
844,010942,텍스타일캡스톤디자인,3
845,004744,모델드로잉,3
846,007419,한복의복구성,3
847,010943,고급패턴종합설계,3
848,008513,고급패션드레이핑,3
849,007845,의상교과교육론,3
850,010946,기초니트종합설계,3
851,010947,디지털패션종합설계,3
852,012248,인공지능과패션디자인응용,3
853,009941,창작패턴종합설계,3
854,010015,패션소재기획종합설계,3
855,010016,패션컬렉션종합설계,3
856,002894,전공실기1,1
857,004134,연주1,2
858,010640,오케스트라및앙상블1,3
859,012223,디지털악전과음악소프트웨어,3
860,001045,딕션1,2
861,003647,합창1,1
862,007140,현악합주1,2
863,007427,관악합주1,2
864,007706,피아노교수법,3
865,009471,체임버뮤직1,3
866,009482,시창청음1,3
867,002112,연주3,2
868,002902,전공실기3,1
869,003464,피아노문헌1,3
870,009469,딕션3,2
871,004135,합창3,1
872,007424,현악합주3,2
873,007678,관악합주3,2
874,009473,체임버뮤직3,3
875,009479,화성법및대위법1,3
876,009750,레코딩실습1,2
877,009754,리듬연구,3
878,009928,컴퓨터음악2,2
879,010642,오케스트라및앙상블3,3
880,002907,전공실기5,1
881,004137,합창5,1
882,004139,연주5,2
883,001738,성악문헌1,3
884,002455,음악사1,3
885,007679,현악합주5,2
886,007785,관악합주5,2
887,007846,음악교과교육론,3
888,009475,체임버뮤직5,3
889,009486,관현악문헌,3
890,009758,실용음악편곡법,3
891,010645,오케스트라및앙상블5,3
892,002911,전공실기7,1
893,010394,연주7,2
894,002432,음악분석,3
895,007789,현악합주7,2
896,008187,관악합주7,2
897,009477,체임버뮤직7,3
898,009484,오페라워크샾1,1
899,009930,반주문헌1,3
900,010032,즉흥연주기법,3
901,010643,오케스트라및앙상블7,3
902,003220,체육원리,3
903,010952,기초종목실기,2
904,011094,운동과건강,3
905,012089,태권도1,2
906,006902,체육철학,3
907,002552,인체해부학,3
908,003224,체육측정평가,3
909,010953,구기스포츠,2
910,010956,스포츠경영학,3
911,001844,스포츠특강1,2
912,002329,운동생리학,3
913,003218,체육심리학,3
914,006900,레저스포츠1,2
915,007847,체육교과교육론,3
916,005765,졸업시험(P/NP),0
917,007384,스포츠마케팅,3
918,004337,코우치학,3
919,006903,스포츠과학실험법,3
920,010958,스포츠재활,3
921,003768,현대무용기본1,2
922,004495,발레테크닉1,1
923,005656,발레레파토리1,1
924,007217,발레기초1,2
925,008823,모던댄스1,1
926,008827,한국전통무용기교훈련1,1
927,008829,한국창작무용기교훈련1,1
928,008902,한국전통무용기본1,2
929,012247,AI융합워크샵1,1
930,007550,전통타악실기,2
931,008831,신체요법,2
932,004736,발레테크닉3,1
933,005657,발레레파토리3,1
934,008825,모던댄스3,1
935,008834,전통춤기교실습1,1
936,008836,창작춤기교실습1,1
937,012250,AI융합워크샵3,1
938,001187,무용구성법,2
939,008843,한국무용표현법,2
940,010270,발레사,2
941,012252,미디어무용작품분석,2
942,005660,고급현대무용1,1
943,008838,발레테크닉5,1
944,008849,컨템포러리댄스1,1
945,008853,한국전통무용안무1,1
946,008855,한국창작무용안무1,1
947,008868,발레레파토리5,1
948,008858,한국무용창작기법,2
949,009228,발레워크샵1,2
950,010271,발레공연과실습,2
951,011214,무용교육론,3
952,012255,AI무용미디어리서치,2
953,005661,고급현대무용3,1
954,008840,발레테크닉7,1
955,008851,컨템포러리댄스3,1
956,008864,한국전통무용작품분석1,1
957,008866,한국창작무용작품분석1,1
958,008870,발레레파토리7,1
959,009230,캐릭터발레1,1
960,012257,무용미학과디지털비평,2
961,005627,영화개론,3
962,007034,무대매커니즘1,2
963,008673,스토리텔링,2
964,008674,영상표현기초,1
965,008675,연극의이해,2
966,009976,기초연기1(근육과감각훈련),3
967,009977,개별창의연구1,0
968,010970,호흡과발성1,2
969,004522,작품분석,2
970,006171,촬영조명1,3
971,007285,세계연극사,2
972,010054,텍스트와연기실습1,3
973,010056,공연프로덕션실습1,0
974,006174,영화제작WS1,2
975,010053,편집,2
976,010972,신체언어훈련1,2
977,004725,다큐영화제작,2
978,008687,동양영화사,2
979,004732,영화제작WS3,2
980,007848,연극영화교과교육론,3
981,008686,매체연기실습1,2
982,008700,영화기술고급,2
983,010050,화술트레이닝2,3
984,010058,연기실습콜라보레이션1,3
985,006177,영화제작WS5,2
986,008695,장편영화기획,3
987,008696,공연제작Project1,3
988,010059,영화장르연구,3
989,010061,다중매체연기연구,2
990,008726,불법행위법,3
991,012113,LEET언어이해심화,3
992,012114,LEET추리논증연습,3
993,012135,뉴미디어필름메이킹1,3
994,011229,모션그래픽스1:원리,3
995,011231,3D모션디자인,3
996,012139,AI기반콘텐츠전략기획,3
997,012137,AI영상디자인스튜디오1,3
998,012010,문화축제기획프로젝트,3
999,012038,인공지능과스토리텔링,3
1000,011998,미디어문화와플랫폼,3
1001,010999,대중문화연구,3
1002,010748,럭셔리브랜드큐레이션,3
1003,011007,가죽제품설계,3
1004,011010,럭셔리브랜드스튜디오,3
1005,010782,퍼포밍아트1(무대디자인과제작),3
1006,011020,융합캡스톤디자인4,3
1007,011970,GMSW-AI영상편집,3
1008,010504,GMSW-미디어네트워크분석,3
1009,010483,GMSW-글로벌시장과일본문화콘텐츠,3
1010,010605,디자인씽킹,3
1011,010979,실전창업동아리1,3
1012,012050,창업재무,3
1013,012051,온라인커머스실전창업,3
1014,010610,사업계획서,3
1015,011076,인공지능기초수학,3
1016,012052,ES-인공지능과디지털아트,3
1017,011222,시스템생명공학캡스톤디자인Ⅰ,3
1018,011101,문화현장실습,3
1019,011213,예술융합캡스톤디자인,6
1020,008920,해전사,3
1021,010211,장교직무교육세미나1,0
1022,010936,해양체육,1
1023,001938,식품재료학,3
1024,010837,조리기초실습,3
1025,010856,호텔외식조리경영실무1,3
1026,011791,식품안전관리시스템(FSMS),3
1027,011795,글로벌음식문화의이해,3
1028,501229,세계음식문화사,3
1029,011839,세종인을위한전공탐색,1
1030,012057,새잎융합세미나,3
1031,009352,사고와표현1,3
1032,009353,사고와표현2,3
1033,009354,한국의언어와문화1,3
1034,009355,한국의언어와문화2,3
1035,009045,창업과기업가정신1,1
1036,009067,문제해결을위한글쓰기와발표,3
1037,009356,한국전통문화의이해,3
1038,009357,서양철학의이해,3
1039,002657,일반생물학,3
1040,002641,일반물리학2,3
1041,011299,프로그래밍활용-C,3
1042,011301,프로그래밍활용-P,3
1043,004627,채플2,0.5
1044,004794,채플4,0.5
1045,006270,동양의철학사상,3
1046,007210,역사와한국의영토,3
1047,008932,동양고전강독2,1
1048,008933,서양고전강독2,1
1049,009058,서양고전강독4,1
1050,009776,동양의철학사상-공맹과성리학,3
1051,010427,"SHP고전강좌:Reading Intellectus 2",3
1052,010541,"SHP고전강좌:Writing Intellectus 2",3
1053,004626,미래사회와사회변동,3
1054,004630,정보사회와정보이용,3
1055,004798,세계경제의이해,3
1056,005192,생활속의마케팅이해,3
1057,006277,한국사회와여성문제,2
1058,006279,정보사회의사이버윤리,3
1059,008935,현대사회와다문화주의,3
1060,009455,경제학의이해,3
1061,009739,복지국가의이해,3
1062,010133,"Relations between North and South Korea",3
1063,010134,"Korean Politics",3
1064,010667,인문지리학의이해,3
1065,010801,영화산업의이해,3
1066,011258,미디어속한국문화,3
1067,011410,민속담화를통한다문화의이해,3
1068,011415,"인간과도시,부동산",3
1069,005537,지구탐사,3
1070,006846,지구환경과학입문,3
1071,009768,성의과학,3
1072,011412,생활속의GPS,3
1073,011877,"기계,인간,지능",3
1074,012058,생물과인간의삶,3
1075,012080,심리학과인공지능,3
1076,012083,융합과학탐구,3
1077,012084,탐사로여는고고학의세계,3
1078,006215,일본어2,3
1079,007239,글로벌잉글리쉬2,2
1080,007744,인도의정치경제와사회,3
1081,009049,글로벌잉글리쉬2(심화),1
1082,009074,"English Speaking Strategies(TS) 2",2
1083,009346,"English Speaking Strategies(O) 2",2
1084,010802,한류문화의이해,3
1085,011414,한국어프레젠테이션,3
1086,011612,"English Speaking Strategies(IS) 2",2
1087,005824,패션과문화,3
1088,006286,현대인과건강관리,2
1089,006538,현대사회와스포츠,2
1090,007771,교양스키,1
1091,007772,교양배드민턴,1
1092,009261,"K-Pop Music 2",3
1093,009268,"K-Pop Dance 2",3
1094,012076,K-태권도2,2
1095,009034,디자인이노베이션,2
1096,009047,글로벌잉글리쉬2(진로탐색),2
1097,009777,동양고전과기업경영,3
1098,012072,애지헌채플,2
1099,012078,AI시대의정책결정론,3
1100,010415,자기주도창의교양Ⅲ,3
1101,501269,역사속현자들의리더십이야기,3
1102,501320,동양의학(전통의학으로의여행),3
1103,501347,"예술,도시를만나다-동유럽,스페인,미국",3
1104,501350,나를위한커리어코칭,3
1105,501351,철학멘토링,3
1106,501363,알수록재미있는AI도구활용,3
1107,501364,클래식음악산책,3
1108,501366,직업심리학,3
1109,501367,나를표현하는글쓰기,3
1110,501368,생활속의부동산과투자,3
1111,007745,교직소양을위한독서강좌2,1
1112,008335,교육봉사활동2,1
1113,011309,수의세계,3
1114,011315,현대사회와법,3
1115,000496,교육심리,2
1116,000512,교육철학및교육사,2
1117,011183,취창업과진로설계,1
1118,000476,교육방법및교육공학,2
1119,008337,특수교육학개론,2
1120,010534,학교폭력예방및학생의이해,2
1121,010654,안전및조직관리사례연구,2
1122,000534,교육행정및교육경영,2
1123,010656,조직리더십사례연구,2
1124,000607,국어학개론,3
1125,010436,국어어문생활의실제,3
1126,003727,향가여요론,3
1127,010547,매체언어론,3
1128,008369,한국근대소설론,3
1129,008484,한국문학과영상문화,3
1130,007946,한국고전소설론,3
1131,007947,한국현대희곡론,3
1132,008232,국어교과교재연구및지도법,3
1133,008317,국어논리및논술,3
1134,008368,한국문화와한국어교육,3
1135,011953,AI를활용한한국어교육,3
1136,008372,한국어정보처리론,3
1137,008490,한국문학의역사,3
1138,010112,졸업연구및진로2,1
1139,010437,국어화용론,3
1140,008739,현대중국의이해,3
1141,009611,초급중국어,3
1142,011630,일본문화의이해,3
1143,011640,초급일본어2,3
1144,011774,미래사회와언어데이터,3
1145,011777,언어와문화의번역,3
1146,007774,영어어휘와발음,3
1147,002161,영미단편소설,3
1148,006106,영어와컴퓨터,3
1149,006554,국제업무와영어,3
1150,007777,영어토론과발표,3
1151,002238,영어통사론,3
1152,007927,미국사회와문학,3
1153,008233,영어교과교재연구및지도법,3
1154,008318,영어논리및논술,3
1155,008376,영어교육세미나,3
1156,007932,영미명작의세계,3
1157,010377,일본어회화,3
1158,011619,고급일본어,3
1159,011626,일본문장리터러시,3
1160,009087,일문학과역사,3
1161,009091,일본지역연구,3
1162,009089,미디어일본어,3
1163,009090,일본문화콘텐츠,3
1164,008402,한일비교문화론,3
1165,005846,비즈니스일본어,3
1166,008742,국제통상개론,3
1167,007751,중급중국어2,3
1168,009498,중급중국어연습2,3
1169,009503,중국지역문화,3
1170,010520,중한회화연습2,3
1171,010390,무역실무와e트레이드,3
1172,007968,시사중국어,3
1173,008763,한중관계론,3
1174,009505,중국과세계,3
1175,009806,문화유적현장실습1,1
1176,005845,한국의문화유산,3
1177,011671,세계사속의한국사,3
1178,003507,한국고대사,3
1179,009807,문화유적현장실습2,1
1180,001690,서양중세사,3
1181,003608,한국중세사,3
1182,010806,동아시아중세사,3
1183,009808,문화유적현장실습3,1
1184,010256,한국근대사,3
1185,008236,역사교과교재연구및지도법,3
1186,008321,역사논리및논술,3
1187,010254,서양근대사,3
1188,010257,동아시아근대사,3
1189,010259,한국사상·문화사,3
1190,010260,20세기현대사,3
1191,010807,서양사학사,3
1192,009102,교육사의이해,3
1193,005072,교육행정의이론과실제,3
1194,005285,교육공학의이론과실제,3
1195,005855,평생교육방법론,3
1196,011096,에듀테크빅데이터의이해와분석,3
1197,007712,교육통계,3
1198,007713,평생교육프로그램개발론,3
1199,007714,평생교육경영론,3
1200,008235,교육학교과교재연구및지도법,3
1201,008320,교육학논리및논술,3
1202,007715,성인학습및상담,3
1203,007886,사회조사방법론,3
1204,011685,전공한국어읽기,3
1205,011686,한국어숙달도향상,3
1206,011719,"Technical Writing",3
1207,011720,"Seminar on Parliamentary Debate",3
1208,011693,한국문학의이해,3
1209,011694,한국어의미화용론,3
1210,011695,한국어발표와토론,3
1211,011750,국제통상개론,3
1212,010511,한국사회문화의이해,3
1213,011752,한국정치경제의이해,3
1214,011727,"Introduction to International Development",3
1215,011728,"Korea and the World",3
1216,011730,"Regions and the World",3
1217,003725,행정학원론,3
1218,003736,헌법학원론,3
1219,002873,재무행정론,3
1220,003703,행정법,3
1221,009909,조직론2,3
1222,009934,빅데이터와행정분석,3
1223,011843,행정통계분석(응용),3
1224,000686,국제행정론,3
1225,000822,기획론,3
1226,003698,행정관리론,3
1227,007182,행정규제론,3
1228,007245,행정개혁론,3
1229,008237,일반사회교과교재연구및지도법,3
1230,008322,일반사회논리및논술,3
1231,011844,행동경제학과공공정책,3
1232,000392,관료제도론,3
1233,003623,한국행정론,3
1234,009106,정책사례분석,3
1235,008426,미디어의이해,3
1236,011559,광고PR의이해,3
1237,010261,커뮤니케이션통계실무,3
1238,004661,취재보도론,3
1239,008428,HCI와커뮤니케이션,3
1240,010469,통합마케팅커뮤니케이션기획,3
1241,011556,방송콘텐츠기획,3
1242,006593,조직커뮤니케이션,3
1243,007521,미디어산업과정책,3
1244,010262,뉴스큐레이션,3
1245,010472,SNS전략커뮤니케이션,3
1246,006111,프리젠테이션실습,3
1247,007525,매체비평론,3
1248,010480,브랜드콘텐츠제작,3
1249,008712,인권과법,3
1250,008713,계약법,3
1251,008805,법철학,3
1252,009601,헌법2,3
1253,009603,물권법,3
1254,009609,형법각론,3
1255,010494,"Introduction to Finance",3
1256,000398,관리회계,3
1257,003061,조직행동론,3
1258,004218,경영정보론,3
1259,010620,생산관리,3
1260,001092,마케팅조사,3
1261,001766,소비자행동론,3
1262,003359,투자론,3
1263,004010,회계원리2,3
1264,006802,기업재무,3
1265,009875,"Global Supply Chain Management and Sourcing",3
1266,000395,관리경제학,3
1267,001753,세무회계,3
1268,005589,선물옵션이론,3
1269,006798,유통경로관리,3
1270,006800,벤처경영론,3
1271,007251,인적자원개발론,3
1272,007983,금융기관론,3
1273,009254,디지털경영론,3
1274,009257,CEO멘토링2,2
1275,009873,중급회계2,3
1276,010102,"Services Marketing in a Global Context",3
1277,010392,상업교과교재연구및지도법,3
1278,010393,상업논리및논술,3
1279,010851,사이버보안경영론,3
1280,011933,핀테크개론,3
1281,011934,K-MOOC:빅데이터와인공지능마케팅,3
1282,000257,고급회계,3
1283,006697,생명보험,3
1284,007613,경영시뮬레이션,3
1285,000078,거시경제학,3
1286,000182,경제통계,3
1287,000193,경제학설사,3
1288,010815,경제실무영어,3
1289,000649,국제금융론,3
1290,001552,산업조직론,3
1291,007988,게임이론,3
1292,011388,응용계량경제학,3
1293,010455,물류유통경제론,3
1294,011291,자산관리경제학,3
1295,011836,경제학세미나2,3
1296,011753,회계원리,3
1297,000309,관광경영론,3
1298,009770,호텔관광경영통계원론,3
1299,009890,호텔관광조직인적자원관리론,3
1300,003875,호텔관광재무회계,3
1301,006358,여가사회학,3
1302,006609,서비스경영론,3
1303,000388,관광행동론,3
1304,007505,리조트경영론,3
1305,007763,크루즈경영론,3
1306,008239,관광교과교재연구및지도법,3
1307,008324,관광논리및논술,3
1308,009623,호텔관광경제학,3
1309,009637,호텔관광전략경영론,3
1310,009896,국제회의및이벤트기획,3
1311,010686,"HTM 호스피탈리티스마트서비스",3
1312,010687,"HTM 데이터마이닝",3
1313,,현장실습12,12
1314,000331,관광법규,3
1315,009615,국제호텔관광세미나,3
1316,009628,호텔관광수익관리,3
1317,011202,"TPDM AI for Business",3
1318,001948,식품학,3
1319,008455,기초서양조리실습,3
1320,009519,외식서비스마케팅,3
1321,009764,바리스타및음료실습1,3
1322,010683,"SFM 외식서비스앱설계",3
1323,009528,외식전략경영,3
1324,005201,제과제빵실습,3
1325,005596,식품위생관리,3
1326,006128,메뉴계획과디자인,3
1327,007411,동양조리실습,3
1328,007531,식음료원가관리론,3
1329,008457,와인개론,3
1330,010685,"SFM 스마트FM캡스톤디자인",3
1331,011974,외식빅데이터애널리틱스,3
1332,006423,Hospitality산업의이해,3
1333,008469,글로벌식생활문화,3
1334,009390,호텔외식경영실무2,3
1335,009120,HRT서비스경영론,3
1336,009121,HRT프랜차이즈관련법규,3
1337,009398,호텔외식경영실무4,3
1338,010191,연회기획및케이터링경영론,3
1339,011540,급식경영,3
1340,009123,HRT프랜차이즈기업사례연구,3
1341,009400,호텔외식경영실무6,3
1342,010428,커피학개론,3
1343,011486,빅데이터마이닝&시각화,3
1344,009136,HRT창업프로젝트,3
1345,009402,호텔외식경영실무8,3
1346,009386,호텔외식비즈니스의이해,3
1347,010857,호텔외식조리경영실무2,3
1348,011456,사회조사연구방법론,3
1349,011848,기초경제학,3
1350,009406,호텔외식인적자원관리,3
1351,010859,호텔외식조리경영실무4,3
1352,011482,급식경영론,3
1353,011541,호텔외식서비스운영관리,3
1354,011813,식품안전경영시스템(FSMS),3
1355,010846,Patissier실습,3
1356,010861,호텔외식조리경영실무6,3
1357,006702,외식상품개발론,3
1358,009404,프랜차이즈기업사례연구,3
1359,010863,호텔외식조리경영실무8,3
1360,009233,바리스타및음료실습,3
1361,011850,사회조사분석론,3
1362,011539,식음료서비스경영론,3
1363,010847,퐁과소스실습,3
1364,010873,레스토랑경영과창업,3
1365,010867,글로벌퀴진인더키친,3
1366,010870,글로벌조리캡스톤디자인,3
1367,010877,HMR상품기획,3
1368,501329,페스티벌이벤트경영,3
1369,001728,선형대수학2,3
1370,011273,계산수학1,3
1371,003971,확률론,3
1372,005597,미분방정식,3
1373,006596,해석학개론2,3
1374,001503,비모수통계학,3
1375,004030,회귀분석2,3
1376,004311,수리통계학2,3
1377,005599,현대대수학2,3
1378,005895,복소수해석학,3
1379,003339,통계자료분석,3
1380,004585,수학사,3
1381,011432,기초천문학,3
1382,002974,전자기학1,3
1383,006651,은하천문학,3
1384,001778,수리물리2,3
1385,002098,역학2,3
1386,006467,기초천문관측및실습,3
1387,008571,전자학실험,3
1388,009702,계산과학,3
1389,002037,양자역학2,3
1390,002116,열물리학,3
1391,006750,천체분광학개론,3
1392,009820,천문관측및실습(종합설계),3
1393,010885,나노소자의이해,3
1394,000284,고체물리학2,3
1395,007636,성간물질,3
1396,009139,반도체소자물리학,3
1397,009703,중력과상대론,3
1398,010887,핵및입자물리학,3
1399,002358,유기화학2,3
1400,006367,응용분석화학,3
1401,001281,물리화학1,3
1402,002365,유기화학실험,3
1403,006748,단백질생화학,3
1404,004460,무기화학실험,3
1405,004588,생유기화학,3
1406,008240,화학교과교재연구및지도법,3
1407,008325,화학논리및논술,3
1408,001615,생활속의화학,3
1409,008591,고등분석화학,3
1410,009708,기초생물통계학,3
1411,006936,일반생물학2,3
1412,004835,식품미생물학,3
1413,002189,영양화학,3
1414,009329,식품가공기초,3
1415,004107,식품화학2및실험,3
1416,007470,식품생물공학,3
1417,009830,식품개발및실험(종합설계),3
1418,010197,식품분자생물학및실험,3
1419,010198,식품공정학및실험,3
1420,011466,AI푸드테크,3
1421,010201,발효생명공학,3
1422,010203,최신식품생명동향연구,3
1423,001606,생화학2및실험,3
1424,001468,분석화학,3
1425,005213,기기분석학,3
1426,007000,면역학1,3
1427,009667,기초유전공학,3
1428,005143,분자생물학2,3
1429,005900,신경생물학,3
1430,006321,바이러스학,3
1431,009324,암생물학,3
1432,009680,나노생명공학,3
1433,009842,시스템면역학및실험,3
1434,011945,AI기반세포유전자치료,3
1435,005623,분자유전학,3
1436,007002,생물공정학,3
1437,009165,스트레스생물학,3
1438,009841,분자병리학,3
1439,010892,생명공학종합설계,3
1440,005100,식물학,3
1441,008987,바이오자원공학,3
1442,009706,일반생화학,3
1443,009857,분자생물학및실험,3
1444,006116,식물유전공학및실험,3
1445,009688,식물육종학및실험,3
1446,005607,식물발달생물학,3
1447,008977,채소학,3
1448,009671,바이오폴리머공학,3
1449,009683,식물세포생물학,3
1450,011899,AI활용대량생물정보분석,3
1451,006115,환경생물학,3
1452,009675,식물기능유전체학,3
1453,009676,항체공학,3
1454,011129,곤충생리학,3
1455,004751,미생물학및실험,3
1456,011131,분자세포생물학및실험2,3
1457,011136,수산동물양식학및실습,3
1458,011142,스마트팜기획및설계,3
1459,011126,융합학문위한분석화학,3
1460,011947,기능성식물유전체학,3
1461,011980,스마트생명자원캡스톤디자인,3
1462,004829,광전자공학,3
1463,006294,음성처리,3
1464,008086,디지털통신시스템,3
1465,004596,반도체공학,3
1466,006559,정보이론,3
1467,006935,정보시스템설계,3
1468,007720,디스플레이공학,3
1469,007721,반도체소자설계,3
1470,009659,전자기2,3
1471,004830,디지털제어,3
1472,007284,광통신시스템,3
1473,007463,차세대이동통신,3
1474,008079,광반도체및LED공학,3
1475,009664,전자정보통신공학특강B,3
1476,009948,캡스톤디자인B,3
1477,010228,반도체공정,3
1478,011363,반도체CAD실험,3
1479,011384,반도체소자제작및실습2,3
1480,011875,AI반도체설계,3
1481,011876,AI반도체소자물리,3
1482,011940,AI기반공정자동화,3
1483,001769,소프트웨어공학,3
1484,006324,XML프로그래밍,3
1485,008636,멀티코어프로그래밍,3
1486,011923,최신기술콜로키움2,1
1487,012000,리눅스프로그래밍및실습,3
1488,011926,최신기술콜로키움4,1
1489,009989,시스템해킹과보안,3
1490,011972,정보보호심화연구,3
1491,012007,AI기반시스템프로그래밍,3
1492,008663,보안정책과법규,3
1493,010447,정보보호특강,3
1494,003281,컴퓨터그래픽스,3
1495,005910,데이터베이스프로그래밍,3
1496,011175,음성오디오처리,3
1497,011912,연구실인턴쉽2,3
1498,010001,증강현실,3
1499,010143,데이터시각화,3
1500,010145,데이터문제해결및실습1,3
1501,011176,대용량데이터처리,3
1502,009967,특허와창업,3
1503,010146,데이터문제해결및실습2,3
1504,010570,고급기계학습,3
1505,010239,머신비전시스템,3
1506,005905,디지털통신,3
1507,010230,사물인터넷,3
1508,011402,자율이동체개론및실습,3
1509,011909,스마트UX&UI디자인2,3
1510,000706,그래픽디자인2,3
1511,010330,프로덕트&모빌리티디자인2,3
1512,010334,스마트프로덕트디자인2,3
1513,010337,디지털미디어디자인,3
1514,012034,AI디자인방법론,3
1515,005920,아이덴티티디자인2,3
1516,006754,제품시스템디자인2,3
1517,009215,제품및운송기기디자인4,3
1518,010344,디지털미디어프로젝트2,3
1519,010673,디지털코믹스제작2,3
1520,011192,비주얼디벨롭먼트2,3
1521,010671,디지털애니메이션디렉팅2,3
1522,010672,이펙트디자인2,3
1523,011188,애니메이션워크숍2,3
1524,011190,3D제작도구고급2,3
1525,010299,애니메이션코어스튜디오2,3
1526,010301,웹툰커넥션프로덕션2,3
1527,010670,코믹스캡스톤디자인,3
1528,011263,파이썬기반딥러닝,3
1529,006566,지능형시스템,3
1530,011264,인공지능보안,3
1531,011265,"AR/VR /MR",3
1532,011271,"Human–AI Interaction",3
1533,004111,물리전자공학,3
1534,003276,컴퓨터구조론,3
1535,009658,전기회로실험,3
1536,011680,객체지향프로그래밍,3
1537,001725,선형대수,3
1538,011350,반도체특화연구및실험1,3
1539,003278,컴퓨터구조,3
1540,006314,박막공학,3
1541,011259,기계학습개론,3
1542,011353,회로이론및실습,3
1543,009954,알고리즘및실습,3
1544,009956,문제해결및실습:JAVA,3
1545,011200,K-MOOC:멀티미디어,3
1546,009174,어셈블리어,3
1547,009176,고급컴퓨터네트워크,3
1548,009518,대칭키암호론,3
1549,009993,SW설계기초(산학프로젝트입문),3
1550,011497,기계학습실습,3
1551,010226,동적시스템모델링,3
1552,011495,알고리즘및실습,3
1553,011646,메커니즘설계,3
1554,005253,만화기초2,3
1555,008786,애니메이션기초2,3
1556,010560,창의SW융합노마드,3
1557,010309,프로덕트디자인1,3
1558,010311,비주얼커뮤니케이션디자인1,3
1559,008499,타입&이미지,2
1560,006328,디자인재료및성형기법,3
1561,007860,인터렉티브디자인,2
1562,010327,기초3D그래픽스,3
1563,010328,프로덕트조형스튜디오,3
1564,008791,콘텐츠기획2,3
1565,008429,디지털스토리텔링,3
1566,008793,만화제작2,3
1567,010282,애니메이션액팅2,3
1568,010579,3D제작도구2,3
1569,011186,프리비즈워크숍2,3
1570,012091,사물기계학습,3
1571,011956,사물연동디지털트윈,3
1572,012093,첨단분야취업전략및준비,3
1573,004274,구조역학1,3
1574,006307,건축설비개론,3
1575,011278,건축디지털설계,3
1576,011279,창의공학설계,3
1577,004434,건축재료,3
1578,004608,건축법규,3
1579,006610,건축시공,3
1580,009186,특수구조개론,3
1581,008179,공학설계B,3
1582,004849,컴퓨터구조해석,3
1583,008181,건설IT,3
1584,009810,스마트구조개론,3
1585,007037,스튜디오8,6
1586,011111,졸업작품,0
1587,011965,인공지능과건축환경,3
1588,004275,서양건축사,3
1589,006309,스튜디오2,6
1590,009811,건축구조개론,3
1591,006661,건축디지털디자인2,3
1592,004706,건축설비,3
1593,006608,스튜디오4,6
1594,006662,도시설계,3
1595,007594,재료와디테일,3
1596,010462,건축경제학,3
1597,004703,건설경영,3
1598,006763,스튜디오6,6
1599,011281,한국건축사,3
1600,006762,인테리어,3
1601,004326,응용역학및연습2,3
1602,010614,토질역학,3
1603,008644,건설수치해석,3
1604,010269,수리학,3
1605,004707,기초공학,3
1606,010594,건설경영관리,3
1607,010595,콘크리트구조설계,3
1608,010596,물재생자원순환,3
1609,010597,합성구조설계,3
1610,011422,도시수문학,3
1611,011423,스마트시티프로젝트(종합설계),3
1612,004708,교량공학,3
1613,010599,첨단계측공학,3
1614,010600,건설재료시험,3
1615,007799,폐기물관리,3
1616,011382,환경데이터처리,3
1617,009818,환경원격탐사,3
1618,009624,온실가스관리및분석,3
1619,009816,상수처리및수질분석실험,3
1620,011433,환경생물기초,3
1621,008169,종합설계,3
1622,007168,환경영향평가,3
1623,009636,환경에너지공간세미나,3
1624,005234,내연기관,3
1625,005913,공기조화및냉동,3
1626,006993,최적설계,3
1627,007621,전산열유체역학,3
1628,010911,종합설계B,3
1629,004862,열전달,3
1630,006887,유도제어시스템설계,3
1631,009836,종합설계2,3
1632,011349,항공우주AI응용,3
1633,003790,현대물리,3
1634,005648,재료열역학2,3
1635,006782,신소재과학2,3
1636,007458,재료의전자기적물성,3
1637,006996,재료의기계적성질,3
1638,010080,반도체와고분자화학기초설계및실험,3
1639,006147,반도체제조공학,3
1640,007159,고분자물리,3
1641,007579,신금속재료,3
1642,008105,화학기기분석,3
1643,006148,전자세라믹스재료,3
1644,006786,금속공정학,3
1645,007273,나노재료응용,3
1646,007580,세라믹스공정학,3
1647,010082,나노신소재창의연구2(종합설계),3
1648,005641,유체역학,3
1649,006585,기계요소설계,3
1650,005134,컴퓨터응용설계,3
1651,006099,전자공학개론,3
1652,007261,응용열역학,3
1653,007767,열유체응용설계,3
1654,010919,인공지능응용기계공학,3
1655,009538,비행일반및체험비행,3
1656,006303,무인항공기설계2,3
1657,009310,방위사업체계,2
1658,011074,모의비행실습3,2
1659,011575,차세대에너지공학,3
1660,011576,지구환경시스템공학,3
1661,008153,지구화학탐사,3
1662,011578,지구측량및실습,3
1663,011797,지오메카닉스및실험,3
1664,011799,지반구조영상화,3
1665,009545,응용지구전자기학,3
1666,010918,지반정보(GIS)시스템및실습,3
1667,008477,전기화학공학및실습,3
1668,010907,에너지환경지오메카닉스및실습,3
1669,010917,심지층에너지공학,3
1670,009838,원자력기계공학기초,3
1671,011391,원자력공학개론2,3
1672,008999,원자로열전달,3
1673,010927,원자로공학,3
1674,009010,확률론적안전성평가,3
1675,009576,보건물리,3
1676,009577,발전소계통공학,3
1677,009586,몬테카를로분석및방사선차폐,3
1678,009579,방사선기술의응용,3
1679,009851,종합설계B,3
1680,010931,원자력데이터사이언스,3
1681,011398,공기역학,3
1682,001727,선형대수학,3
1683,009239,항공우주응용SW1,3
1684,007055,전산구조해석및실습,3
1685,011405,인공위성시스템공학,3
1686,011826,공기역학1,3
1687,008489,항공전사,2
1688,009040,항공우주무기체계,2
1689,009290,공군리더십,2
1690,011069,일반비행이론,1
1691,011071,항공전략론,2
1692,011377,비행기초역학2,3
1693,011072,모의비행실습1,2
1694,011373,비행시스템분석및설계1,3
1695,011365,우주기술운용체계2,3
1696,008951,해군장교현장실습1,0
1697,009204,군사전자공학개론및실험,3
1698,010212,장교직무교육세미나2,0
1699,008924,기초역학개론,3
1700,008931,시스템응용SW,3
1701,008952,해군장교현장실습2,0
1702,010214,장교직무교육세미나4,0
1703,008771,함정운용학,3
1704,009205,함정공학개론,3
1705,008077,제어공학,3
1706,009468,해군장교현장실습3,0
1707,010216,장교직무교육세미나6,0
1708,008773,레이더시스템,3
1709,009206,마이크로콘트롤러응용,3
1710,010934,국방인공지능개론및실습,3
1711,008765,항해학개론,3
1712,009781,해군장교현장실습4,0
1713,010218,장교직무교육세미나8,0
1714,010940,음향진동학,3
1715,008780,해군교리및작전,3
1716,008930,현대제어시스템,3
1717,000808,기초한국화2,2
1718,005888,기초회화2,2
1719,000967,동양미술사,2
1720,009542,드로잉,2
1721,000776,기초서양화2,3
1722,009610,한.표현기법,3
1723,001330,미술비평,2
1724,002401,유화기법2,2
1725,003169,채색화,2
1726,005247,컴퓨터드로잉2,2
1727,008660,서양미술사2,2
1728,002392,유화2,3
1729,004330,한국화2,3
1730,006541,서.복합매체기법,2
1731,007602,멀티미디어와회화2,2
1732,008243,미술교과교재연구및지도법,3
1733,008661,현대산수연구,2
1734,011242,판화,2
1735,012020,미술읽기와쓰기,3
1736,012041,미술과AI공존의시대,3
1737,001631,서.종합실기2,3
1738,004876,한.종합실기2,3
1739,001636,서.종합실기4,2
1740,004877,한.종합실기4,2
1741,008504,패션컴퓨터그래픽,3
1742,010951,응용패턴종합설계,3
1743,010944,소재캡스톤디자인,3
1744,005263,창작패션일러스트레이션,3
1745,008249,의상교과교재연구및지도법,3
1746,008511,기초패션드레이핑,3
1747,010945,패션브랜드캡스톤디자인,3
1748,011961,인공지능과패션디자인,3
1749,010011,창작의상캡스톤디자인,3
1750,005093,테일러링,3
1751,010012,디지털패션캡스톤디자인,3
1752,010013,니트캡스톤디자인,3
1753,010018,패션코디네이션종합설계,3
1754,010950,패션포트폴리오종합설계,3
1755,002111,연주2,2
1756,002900,전공실기2,1
1757,010646,오케스트라및앙상블2,3
1758,001046,딕션2,2
1759,003655,합창2,1
1760,007280,현악합주2,2
1761,007546,관악합주2,2
1762,009472,체임버뮤직2,3
1763,009483,시창청음2,3
1764,009749,발성과발음,3
1765,009927,컴퓨터음악1,3
1766,002113,연주4,2
1767,002905,전공실기4,1
1768,003467,피아노문헌2,3
1769,009470,딕션4,2
1770,003661,합창4,1
1771,007543,현악합주4,2
1772,007702,관악합주4,2
1773,009474,체임버뮤직4,3
1774,009480,화성법및대위법2,3
1775,010647,오케스트라및앙상블4,3
1776,010650,재즈피아노,3
1777,002110,연주6,2
1778,002909,전공실기6,1
1779,001740,성악문헌2,3
1780,002456,음악사2,3
1781,003666,합창6,1
1782,007705,현악합주6,2
1783,008189,관악합주6,2
1784,008244,음악교과교재연구및지도법,3
1785,008331,음악논리및논술,3
1786,009476,체임버뮤직6,3
1787,009757,퍼포먼스워크샵2,3
1788,010644,오케스트라및앙상블6,3
1789,002913,전공실기8,1
1790,010395,연주8,2
1791,003155,지휘법,2
1792,008186,현악합주8,2
1793,008192,관악합주8,2
1794,009478,체임버뮤직8,3
1795,009485,오페라워크샾2,1
1796,009759,뮤직비지니스,3
1797,009931,반주문헌2,3
1798,010022,실용음악제작,3
1799,010030,퍼포먼스워크샵4,3
1800,010649,오케스트라및앙상블8,3
1801,003213,체육사회학,3
1802,006898,건강증진학,3
1803,010954,라켓스포츠,2
1804,010959,여가레크레이션,3
1805,012090,태권도2,2
1806,003206,체육사,3
1807,006899,스포츠의학입문,3
1808,008544,스포츠와미디어,3
1809,010960,체력육성실습,3
1810,010961,뉴스포츠의이해,3
1811,003363,트레이닝방법론,3
1812,001847,스포츠특강2,2
1813,002328,운동기능학,3
1814,007009,레저스포츠2,2
1815,008245,체육교과교재연구및지도법,3
1816,008332,체육논리및논술,3
1817,011959,"Sports AI & Big Data",3
1818,002331,운동처방,3
1819,003486,학교보건,3
1820,003770,현대무용기본2,2
1821,004620,발레테크닉2,1
1822,004622,워크샵2,1
1823,005267,발레레파토리2,1
1824,007282,발레기초2,2
1825,008824,모던댄스2,1
1826,008828,한국전통무용기교훈련2,1
1827,008830,한국창작무용기교훈련2,1
1828,008903,한국전통무용기본2,2
1829,002000,안무법,2
1830,004895,현대무용사,2
1831,008832,한국무용음악분석,2
1832,008904,발레와필라테스,2
1833,004880,발레테크닉4,1
1834,004882,워크샵4,1
1835,005928,발레레파토리4,1
1836,008826,모던댄스4,1
1837,008835,전통춤기교실습2,1
1838,008837,창작춤기교실습2,1
1839,007069,궁중정재,2
1840,008845,무용실습,2
1841,010966,무용기반예술융합프로그램개발,2
1842,005269,고급현대무용2,1
1843,008839,발레테크닉6,1
1844,008850,컨템포러리댄스2,1
1845,008854,한국전통무용안무2,1
1846,008856,한국창작무용안무2,1
1847,008869,발레레파토리6,1
1848,001211,무용비평,2
1849,009227,컨템포러리발레2,1
1850,009229,발레워크샵2,2
1851,005930,고급현대무용4,1
1852,008841,발레테크닉8,1
1853,008852,컨템포러리댄스4,1
1854,008865,한국전통무용작품분석2,1
1855,008867,한국창작무용작품분석2,1
1856,008871,발레레파토리8,1
1857,000965,동양무용사,2
1858,009231,캐릭터발레2,1
1859,004264,서양영화사,3
1860,006905,무대매커니즘2,2
1861,008676,영화기술기초,3
1862,009978,개별창의연구2,0
1863,010047,기초연기2(감성과체험훈련),3
1864,010971,호흡과발성2,2
1865,009218,공연의이해와감상,2
1866,004652,연출론,2
1867,010048,공연프로덕션실습2,0
1868,010055,텍스트와연기실습2,3
1869,004662,시나리오작법1,3
1870,006369,영화제작WS2,2
1871,008683,사운드,2
1872,010046,분석과드라마트루기,2
1873,010049,화술트레이닝1,2
1874,006371,영화제작론,2
1875,005925,연기메소드연구,1
1876,006370,영화제작WS4,2
1877,008247,연극영화교과교재연구및지도법,3
1878,008333,연극영화논리및논술,3
1879,008689,매체연기실습2,2
1880,008693,뮤지컬넘버플레이2,2
1881,010057,연기실습콜라보레이션2-종합설계,3
1882,010973,신체언어훈련2,2
1883,006534,작가연구,2
1884,008697,공연제작Project2,3
1885,006373,영화제작WS6,2
1886,008702,오디션연구,2
1887,004812,회사법,3
1888,011443,민사소송법,3
1889,003709,행정법2,3
1890,008725,친족상속법,3
1891,011444,저작권법,3
1892,012044,LEET추리논증연습2,3
1893,012045,LEET언어이해연습2,3
1894,010716,디지털필름메이킹2,3
1895,011230,모션그래픽스2:프로젝트,3
1896,011232,3D영상디자인,3
1897,010719,영상디자인스튜디오2,3
1898,010715,문화콘텐츠기획,3
1899,012047,"인간,매체,예술",3
1900,012048,가상현실과콘텐츠기획,3
1901,010741,축제기획론,3
1902,010760,커뮤니케이션마켓믹스디자인,3
1903,011013,가방디자인이해,3
1904,010746,조향디자인,3
1905,010794,퍼포밍아트2(작품분석과비평),3
1906,011022,안무구성실습,3
1907,011028,졸업프로젝트4,3
1908,010097,GMSW-미디어빅데이터분석,3
1909,010485,GMSW-융합디자인세미나,3
1910,010101,GMSW-포스트영상프로덕션,3
1911,010613,GMSW-글로벌미디어의현장,3
1912,009881,비즈니스모델,3
1913,010603,린스타트업,3
1914,010978,창업회계,3
1915,010980,실전창업동아리2,3
1916,010604,창업캡스톤,3
1917,010691,"BA 데이터애널리틱스",3
1918,010692,"BA 데이터시각화",3
1919,011407,"BA 캡스톤디자인1(BA 비즈니스프로그래밍)",3
1920,011773,K-MOOC:비주얼프로그래밍,3
1921,009728,ES-웨어러블컴퓨터디자인,3
1922,010631,ST-자료구조/데이터베이스,3
1923,010636,ST-캡스톤디자인,6
1924,010921,자율비행체시스템설계1,3
1925,011099,문화예술교육개론,3
1926,011100,문화예술교육현장의이해와실습,3
1927,011223,시스템생명공학캡스톤디자인Ⅱ,3
1928,009031,한국현대사의이해,3
1929,009738,서양종교의이해,3
1930,007565,우리차문화의이해,2
1931,008300,쟁점으로이해하는북한사회,3
1932,008887,언어와문명,3
1933,009778,경영학의이해,3
1934,010407,시사로보는경제이야기,3
1935,011257,시사미디어한국어,3
1936,008966,꽃의세계,3
1937,010361,먹고즐기는자연,3
1938,010668,자연지리학의이해,3
1939,011617,화학의세계,3
1940,012062,통계학입문,3
1941,008895,EU의정치경제와사회,3
1942,009259,"K-Pop Music 1",3
1943,009265,"K-Pop Dance 1",3
1944,009345,"English Speaking Strategies(O) 1",2
1945,010353,"English Listening Practice 2",2
1946,011413,대학한국어글쓰기,3
1947,011613,"English Speaking Strategies(IS) 1",2
1948,011615,지속가능발전목표(SDGs)의이해와실천,3
1949,007369,발레의이해와감상,3
1950,501321,이민정책론,3
1951,501328,알기쉬운코딩,3
1952,501352,인류의문명과무기,3
1953,501356,그림속오페라,3
1954,501358,진짜뉴스를찾아라!미디어·AI리터러시,3
1955,501361,셀프코칭과리더십,3
1956,008353,한국문학의장르론,3
1957,007651,영어듣기와말하기,3
1958,007929,영미소설의이해,3
1959,008374,문학과문화,3
1960,009100,일본사상사,3
1961,010518,중한독해,3
1962,010519,중한회화연습1,3
1963,011897,중국의대외관계에대한머신러닝분석,3
1964,007964,실용중국어작문,3
1965,010524,한중기업경영론,3
1966,004445,인류의선사문화,3
1967,007395,최신학습설계이론,3
1968,011679,한국어회화연습,3
1969,011681,한국어청취연습,3
1970,011688,한국어학입문,3
1971,011689,한국학입문,3
1972,011690,한국어발음연습,3
1973,011746,동아시아근현대사,3
1974,011747,거시경제의이해,3
1975,011715,"Professional English",3
1976,011716,"Public Speech",3
1977,011717,"Comparative Culture",3
1978,011723,"Introduction to International Relations",3
1979,011724,"Understanding Globalization",3
1980,007519,카피라이팅,3
1981,010471,PR론,3
1982,011248,스타인플루언서마케팅,3
1983,007408,미디어법제,3
1984,007986,비지니스인텔리전스,3
1985,011386,ESG경영,3
1986,008419,경제사,3
1987,007699,공공경제학,3
1988,000194,경제학세미나,3
1989,009632,호텔관광e-business전략,3
1990,010825,"HTM 스마트의사결정체계",3
1991,010821,호텔관광가격전략,3
1992,011483,F&B영양과건강,3
1993,011823,온라인여행사경영론(OTA),3
1994,010192,음식관광기획론,3
1995,501335,고객커뮤니케이션전략,3
1996,010875,메뉴기획과푸드플레이팅,3
1997,010880,기계학습,3
1998,000870,다변량통계분석,3
1999,006597,보험수학,3
2000,006679,전기화학,3
2001,004587,고체화학,3
2002,008601,식품효소공학,3
2003,005103,유전학,3
2004,005899,식물병리학,3
2005,008982,유전체학개론,3
2006,011440,자원식물학,3
2007,009681,식물분자육종학및실험,3
2008,006319,식물스트레스생물학,3
2009,009704,약용식물학,3
2010,011130,생명산업유전학,3
2011,011137,곤충병리및선천성면역학,3
2012,007806,기초반도체,3
2013,009655,광통신공학,3
2014,009663,멀티미디어설계,3
2015,009666,마이크로컴퓨터실험,3
2016,011932,"Human-AI Interaction",3
2017,008662,디지털포렌식,3
2018,006476,게임프로그래밍,3
2019,011911,연구실인턴쉽1,3
2020,010563,의사결정분석,3
2021,010566,시계열분석및예측,3
2022,005662,아이덴티티디자인1,3
2023,006641,제품시스템디자인1,3
2024,009214,제품및운송기기디자인3,3
2025,010343,디지털미디어프로젝트1,3
2026,011089,디지털애니메이션디렉팅1,3
2027,011189,3D제작도구고급1,3
2028,011092,영상캡스톤디자인,3
2029,011261,딥러닝개론,3
2030,011173,자연어처리,3
2031,011262,인공지능과사이버보안,3
2032,011181,강화학습,3
2033,011346,연구실인턴,3
2034,010571,디지털회로설계,3
2035,011347,반도체재료공학,3
2036,005619,멀티미디어프로그래밍,3
2037,004864,메카트로닉스,3
2038,005119,만화기초1,3
2039,008792,만화제작1,3
2040,010580,3D제작도구1,3
2041,011276,건축공학개론,3
2042,011525,건축디자인,3
2043,011425,도시수재해공학,3
2044,007664,수질관리,3
2045,003989,환경화학,3
2046,009193,시스템해석,3
2047,006886,시뮬레이션시스템설계,3
2048,007268,항법전자시스템설계,3
2049,011917,AI재료열역학1,3
2050,009837,바이오재료공학,3
2051,006686,재료분석학,3
2052,009017,산학협동강좌1,3
2053,006492,재료거동학,3
2054,011574,지구자원시스템개론,3
2055,008141,석유가스공학개론,3
2056,011798,기초역학개론,3
2057,009540,이산자료처리및실습,3
2058,009565,선광제련공학개론,3
2059,011392,핵심광물융합탐사,3
2060,008163,환경지구화학,3
2061,010908,화약발파및터널굴착설계,3
2062,007054,우주궤도역학,3
2063,006770,전기전자공학개론,3
2064,012021,멀티미디어와회화,2
2065,001634,서.종합실기3,2
2066,004748,한.종합실기3,2
2067,004466,서양복식사,3
2068,010948,패션과색채,3
2069,010949,기초악전및컴퓨터사보,3
2070,009760,DJing,3
2071,004497,워크샵1,1
2072,004738,워크샵3,1
2073,004894,즉흥,2
2074,008857,춤과미디어,2
2075,009226,컨템포러리발레1,1
2076,010967,무용교수학습방법,3
2077,001206,무용미학,2
2078,008872,무용표현심리학,2
2079,008692,뮤지컬넘버플레이1,2
2080,012046,LEET추리논증연습1,3
2081,011204,공정거래법,3
2082,012043,LEET언어이해연습1,3
2083,010704,디지털필름메이킹1,3
2084,010727,영상디자인스튜디오1,3
2085,010977,창업마케팅,3
2086,010981,실전창업동아리3,3
2087,011029,"BA 빅데이터통계분석론",3
2088,011113,빅데이터로보는세상,3
2089,009715,ES-문화예술과ICT,3
2090,009730,ES-창업을위한디지털패션디자인,3
2091,010113,SM-소셜미디어개론,3
2092,010114,SM-소셜미디어마케팅,3
2093,010120,SM-소셜웹프로그래밍,3
2094,010629,ST-데이터분석및시각화,3
2095,011121,금융보험애널리틱스2,3
2096,008934,인류학과현대사회,3
2097,008939,지구의이해,3
2098,010136,K-MOOC:정보보호와보안의기초,3
2099,007211,중국문화의이해,3
2100,007761,동아시아와한반도,3
2101,011411,문화간커뮤니케이션,3
2102,010666,세종인을위한오케스트라첫걸음,2
2103,501355,"예술,역사를만나다-근대와모던",3
2104,501360,재미있는인공지능속세상여행,3
2105,007649,현대사회와영어,3
2106,008319,일본어논리및논술,3
2107,011637,일본의현대문학,3
2108,010384,일본어교육론,3
2109,010525,통상회화연습,3
2110,010526,동아시아산업과금융,3
2111,010809,인공지능과학습,3
2112,000488,교육사회학,3
2113,006703,심리검사,3
2114,011642,디지털사회의NGO와시민참여,3
2115,011246,소셜미디어와가십,3
2116,010130,경영기초수학,3
2117,008451,팀관리,3
2118,009884,마케팅사례,3
2119,010488,재무분석및가치평가,3
2120,000152,경제발전론,3
2121,010449,파생금융상품론,3
2122,010453,보건의료경제학,3
2123,010817,환경자원경제학,3
2124,007443,마케팅조사론,3
2125,009630,호텔관광커리어멘토링2,3
2126,010824,"HTM 스마트/AI알고리즘",3
2127,011201,"TPDM 빅데이터플랫폼경영",3
2128,009639,"Special Topics in Hospitality and Tourism Industry",3
2129,010681,"SFM 주방시설관리론",3
2130,009527,외식마케팅컨설팅,3
2131,010189,HRT프랜차이즈마케팅,3
2132,009128,창업아이템개발및상품화계획,3
2133,009410,호텔외식서비스경영론,3
2134,009416,호텔외식식품위생관리,3
2135,009552,푸드스타일링,3
2136,011851,경제학개론,3
2137,010842,유러피안퀴진실습,3
2138,010843,Boulanger실습,3
2139,008057,베이지안분석,3
2140,001607,생화학실험,3
2141,008579,화학과소프트웨어1,3
2142,005600,정밀화학,3
2143,010435,에너지화학,3
2144,001945,식품포장학,3
2145,010199,식품생명공학연구실습,3
2146,001946,식품품질관리,3
2147,007001,세포조직공학,3
2148,008063,세포생물학2및실험,3
2149,009682,발생학,3
2150,009693,품종개발및보호출원,3
2151,009159,자원식물학,3
2152,011143,천연물화학및실험2,3
2153,011149,생리활성천연물소재탐색,3
2154,005130,JAVA프로그래밍,3
2155,009650,데이터통신설계,3
2156,004304,응용광학,3
2157,009961,선형대수및프로그래밍,3
2158,005617,Unix프로그래밍,3
2159,009962,웹기반시스템,3
2160,006981,보안프로그래밍,3
2161,009958,오픈소스SW설계,3
2162,010205,보안공학,3
2163,010446,사이버관제및대응,3
2164,009973,소프트웨어특강2,3
2165,010229,앱프로그래밍,3
2166,010231,스마트디스플레이,3
2167,009946,UX디자인2,2
2168,010338,디자인비즈니스&매니지먼트,2
2169,011114,기술융합형콘텐츠스토리텔링워크숍2,3
2170,011115,기술융합형콘텐츠실무제작2,3
2171,011172,인공지능수학2,3
2172,006575,건축조명,3
2173,006931,주거론,3
2174,007038,개별연구,3
2175,011424,스마트환경유체모델링,3
2176,009620,환경바이오공학,3
2177,009633,환경에너지,3
2178,011295,금속적층제조공정학,3
2179,004868,추진체공학,3
2180,005243,인공위성응용,3
2181,007265,항공센서신호처리,3
2182,007056,헬리콥터공학및설계,3
2183,008140,전산응용해석,3
2184,009195,항공우주응용SW2,3
2185,001875,시스템분석및설계,3
2186,011061,항공우주실험2,3
2187,010906,암석역학및실험,3
2188,010915,물리탐사공학개론,3
2189,008148,시추공학,3
2190,008478,지구통계학,3
2191,010909,전산지진학및실습,3
2192,010913,수리지질학,3
2193,011393,유용자원회수공학,3
2194,010910,지진및지질재해론,3
2195,011396,3D지질모델링및매장량평가,3
2196,011397,스마트마이닝캡스톤디자인,3
2197,008994,방사선과물질상호작용,3
2198,009574,핵연료주기및폐기물관리,3
2199,010928,원자력안전규제및법령,3
2200,008328,미술논리및논술,3
2201,001836,스포츠영양학,3
2202,001499,비교체육학,3
2203,003226,체육학연구법,3
2204,008846,무용사회학,2
2205,010272,공연기획과실습,2
2206,009219,공연연출실습,2
2207,006916,예술과기획경영,2
2208,008716,법학적성평가연습2,3
2209,009717,ES-디지털사운드디자인,3
2210,007590,건축디자인,3
2211,011683,전공한국어쓰기,3
2212,011118,공연예술의이해,3
2213,011226,박물관과큐레이션실습,3
2214,011327,디지털큐레이션전공인턴쉽2,3
2215,010735,전시기획론,3
2216,011256,"BA 소비자분석",3
2217,010118,SM-디지털영상의합성과편집,3
2218,010612,SM-캡스톤디자인,6
2219,003444,프로그래밍실습,3
2220,004335,실험계획법,3
2221,004325,공업역학,3
2222,009959,확률통계및프로그래밍,3
2223,009065,"English Writing 1",2
2224,009066,"English Writing 2",2
2225,006098,기초미적분학,3
2226,007399,영상매체속의영어,3
2227,010539,애지헌강좌1,1
2228,501323,세계음식문화사산책,3
2229,501348,나에게꼭필요한심리학,3
2230,501359,현대인의건강라이프,3
2231,010386,시장경제의원리,3
2232,007514,영문법의이해,3
2233,004891,영미희곡,3
2234,007924,영미시의이해,3
2235,008391,일본어학의이해,3
2236,011634,일본예술의이해,3
2237,007834,일본어교과교육론,3
2238,011636,일본의정치와사회,3
2239,008754,중국대외경제관계론,3
2240,003492,학습심리학,3
2241,011302,신입생세미나A,1
2242,010349,국제개발과협력,3
2243,006348,방송기획,3
2244,007478,전사적자원관리,3
2245,007756,재무세미나,3
2246,003866,호텔관광관리회계,3
2247,010920,"HTM 컴퓨터프로그래밍",3
2248,009629,호텔관광커리어멘토링1,3
2249,011116,"TPDM 디지털마케팅",3
2250,002077,여행사경영론,3
2251,009117,HRT정책및관련법규,3
2252,006700,외식영양과건강,3
2253,009553,음식과평론,3
2254,010865,CoffeeBarista창업,3
2255,008569,전자기파와광학,3
2256,003990,환경화학,3
2257,008033,고분자화학실험,3
2258,009668,바이오나노소재공학,3
2259,008626,하드웨어프로그래밍,3
2260,006134,HCI개론,3
2261,010443,사이버전개론,3
2262,009984,웹해킹과보안,3
2263,009991,네트워크해킹과보안,3
2264,004476,전자회로,3
2265,010225,반도체소자,3
2266,009945,UX디자인1,2
2267,010901,공간정보개론,3
2268,009622,대기환경및기후변화,3
2269,007665,환경유체역학,3
2270,009631,환경단위공정기초,3
2271,009616,하폐수처리및실습,3
2272,008485,생체역학,3
2273,011059,우주기술운용체계,3
2274,010912,응용지질학개론,3
2275,008476,광물암석학및실습,3
2276,008146,저류공학,3
2277,009823,물리탐사모니터링,3
2278,010914,에너지경제성평가,3
2279,004896,레파토리,2
2280,008842,동작분석,2
2281,008844,신무용기법,2
2282,011215,무용교육프로그램개발,3
2283,008715,법학적성평가연습1,3
2284,009975,금융법입문,3
2285,010065,창업기업의성장과재무,3
2286,009729,ES-엔터테인먼트SW프로젝트,3
2287,010086,GMSW-NLE영상편집,3
2288,004119,건축학개론,3
2289,011682,한국어독해연습,3
2290,011021,무대디자인과메커니즘,3
2291,011224,디지털문화유산,3
2292,011326,문화유산활용세미나,3
2293,011227,디지털큐레이션전공인턴쉽1,3
2294,010992,스토리텔링기획론,3
2295,010994,문화홍보기획론,3
2296,010998,문화수용자연구,3
2297,011348,확률및랜덤프로세스,3
2298,011032,"BA 웹스크레이핑빅데이터분석",3
2299,003421,표본조사론,3
2300,011139,종자생명산업과학및실습2,3
2301,011140,농식품산업ICT융복합전략,3
2302,009155,유전체학,3
2303,011095,에듀테크콘텐츠개발,3
2304,011097,EduTechCA캡스톤디자인,6
2305,011170,인공지능수학1,3
2306,007728,문화와경제,3
2307,010540,애지헌강좌2,1
2308,501343,인류의역사와전쟁,3
2309,008272,교직윤리함양워크숍,0
2310,010355,"English Reading Practice 2",2
2311,011303,신입생세미나B,1
2312,008359,한국근대시론,3
2313,002732,일본문화,3
2314,009490,영어의활용,3
2315,009491,영문번역의첫걸음,3
2316,010369,일본어A2,3
2317,006292,영미여성문학,3
2318,007926,문학번역,3
2319,007931,영어표현과의사소통,3
2320,009080,일본사회입문,3
2321,010371,일본어B2,3
2322,010374,일본어강독,3
2323,002084,역사와우리민족,3
2324,003590,한국사학사,3
2325,007576,교육과정과프로그램개발,3
2326,009493,리더십프로그램개발,3
2327,009108,NGO와시민참여,3
2328,007516,광고PR개론,3
2329,009278,비즈니스커뮤니케이션2,3
2330,010496,비즈니스세미나,3
2331,000172,경제원론2,3
2332,010816,도시지역경제학,3
2333,010820,고급계량경제학,3
2334,009625,호텔관광프랜차이즈경영론,3
2335,008562,경영분석세미나,3
2336,010831,외식비즈니스분석,3
2337,003038,조리학,3
2338,010839,모던이스트퀴진실습,3
2339,002350,위상수학2,3
2340,007810,시계열자료분석,3
2341,009696,물리학및실험입문2,4
2342,009699,기초천문학및실험2,2
2343,008568,전기와자기,3
2344,006971,분광학및실험,3
2345,007472,식품안전및법규,3
2346,003430,프로그래밍,3
2347,009648,데이터분석과도표작성,3
2348,008608,안테나공학,3
2349,010898,반도체기초,3
2350,010574,반도체공정및실습,3
2351,010675,기술융합형콘텐츠실무제작1,3
2352,010676,기술융합형콘텐츠스토리텔링워크숍1,3
2353,009824,기계공학계측및실험1,3
2354,006313,트라이볼로지,3
2355,004513,이상유체역학,3
2356,009834,항공기설계,3
2357,010506,광전자소자와디스플레이,3
2358,011068,시스템동역학,3
2359,010208,에너지자원경제,3
2360,010982,인공지능의이해,3
2361,008154,석유가스생산공학,3
2362,008329,의상논리및논술,3
2363,009751,레코딩실습2,3
2364,010962,창의적예술교육프로젝트,3
2365,008694,장면구성과시각화,3
2366,010060,연기실기교수법연구,2
2367,010106,저작권법입문,3
2368,009605,민사소송법1,3
2369,008733,환경법,3
2370,009719,ES-비주얼프로그래밍,3
2371,010611,ES-엔터테인먼트SW미디어프로젝트캡스톤디자인,6
2372,011112,파이썬기반빅데이터,3
2373,011250,K-MOOC:데이터엔지니어링,3
2374,011284,기초스튜디오,3
2375,011285,드로잉스튜디오,3
2376,011108,바이오테크놀로지산업,3
2377,011117,금융보험애널리틱스1,3
2378,011023,뉴미디어콜라보레이션2,3
2379,011025,무대연출워크샵,3
2380,011325,빅데이터와역사,3
2381,011003,문화매체비평론,3
2382,003352,통계학2,3
2383,011148,식물생리학,3
2384,011220,바이오소재디자인학,3
2385,004543,생활과경제,3
2386,004547,식생활과건강,3
2387,005532,생명질서와자연보호,3
2388,000285,골프,1
2389,501301,커피아카데미,3
2390,501341,어른들을위한생활속의수학,3
2391,501344,"예술,도시를만나다-서유럽",3
2392,501357,위대한건축물50선,3
2393,007387,영미문학의세계,3
2394,007650,영어학의세계,3
2395,010368,일본어A1,3
2396,007390,영미문화와어휘,3
2397,010370,일본어B1,3
2398,009093,일본의명작읽기,3
2399,008755,한중문화비교론,3
2400,007634,한국사의기본인식,3
2401,009809,정부와행정,3
2402,009935,통계패키지와행정분석,3
2403,001460,복지행정론,3
2404,009105,행정철학과윤리,3
2405,000107,경영수학,3
2406,000163,경제원론1,3
2407,010814,기초경제수학,3
2408,008422,금융시장론,3
2409,004069,경영학원론,3
2410,009514,호텔관광산업의이해,3
2411,007192,식품평가관리,3
2412,010186,HRT영어,3
2413,008557,카지노기초실무론,3
2414,008472,음식평론,3
2415,001935,식품위생학,3
2416,010871,식품학,3
2417,001784,수리통계학1,3
2418,002477,응용확률론,3
2419,009812,미분기하학개론,3
2420,009694,물리학및실험입문1,4
2421,009698,기초천문학및실험1,2
2422,009822,고급전자회로실험(종합설계),3
2423,001943,식품저장학,3
2424,009695,화훼학개론,3
2425,008627,시스템반도체,3
2426,009660,집적회로,3
2427,009966,소프트웨어특강1,3
2428,011199,K-MOOC:기계학습,3
2429,010895,기계전자프로그래밍,3
2430,010592,수처리시스템공학,3
2431,004709,수자원공학,3
2432,008297,항공우주공학개론,3
2433,009833,항공제도및CAD,3
2434,011371,비행시스템분석및설계2,3
2435,008143,광해방지공학,3
2436,007736,환경지구물리학,3
2437,011389,터널지하공간설계,3
2438,011395,MIP-PBL,3
2439,009567,원자력공학개론,3
2440,009573,핵재료공학,3
2441,010975,연극교수학습방법,2
2442,011228,STC-캡스톤디자인,6
2443,011017,공연기획과실제,3
2444,010991,문화공간기획론,3
2445,010993,문화산업의이해,3
2446,010996,융합캡스톤디자인2,3
2447,003349,통계학1,3
2448,008378,전산개론-O,3
2449,010110,문화콘텐츠와성서,2
2450,000133,경영학개론,3
2451,004635,음식문화사,3
2452,009060,미디어빅뱅시대의기업과브랜드,3
2453,008937,현대과학기술의이해,3
2454,011237,기후변화와지속가능발전,3
2455,008263,21세기외교전쟁,3
2456,010413,자기주도창의교양Ⅰ,1
2457,010414,자기주도창의교양Ⅱ,2
2458,500698,설득력있는프리젠테이션,3
2459,501297,생활속의법률이야기,3
2460,501353,교양으로읽는IT,3
2461,600007,그린IT의이해,3
2462,600010,웰니스와삶의질,3
2463,600017,색채심리와현대생활,3
2464,600023,상상과창조,3
2465,600026,정보사회학입문,3
2466,600037,1인미디어와융합콘텐츠,3
2467,600038,테크노경영학-창업의한수,3
2468,600041,비즈니스모델디자인과린스타트업활동,3
2469,008877,일본역사의이해,3
2470,008234,일본어교과교재연구및지도법,3
2471,008750,중국시장마케팅론,3
2472,010516,한중비즈니스창업론,3
2473,010457,안보경제론,3
2474,010680,"SFM 사회조사방법론",3
2475,006603,외식사업창업론,3
2476,010689,고객만족경영론,3
2477,010138,서비스매너,3
2478,009409,호텔외식창업프로젝트,3
2479,010153,호스피탈리티산업의이해,3
2480,009814,기계학습(종합설계),3
2481,002833,입자물리학,3
2482,004308,극미량분석,3
2483,010558,융복합화학,3
2484,010568,데이터사이언스특론,3
2485,010332,프로덕트&모빌리티디자인4,3
2486,010342,프로덕트시스템디자인2,3
2487,007591,공학기초설계,3
2488,004610,수문학,3
2489,009813,건설환경종합설계,3
2490,006482,GIS및실습,3
2491,010903,디지털지도및실습,3
2492,007644,디지털사진측정및실습,3
2493,010905,측지학및실습,3
2494,008168,인공위성지구물리학,3
2495,010222,음향학,3
2496,009292,항공우주시스템공학개론,3
2497,009803,모의장비비행4,1
2498,004828,패션포트폴리오,3
2499,011107,복잡계이론과사회현상,3
2500,011016,디자인크리에이티브디렉팅,3
2501,011001,미술시장과경매,3
2502,600008,문화기술과사회변동,3
2503,600035,"화폐와금융의과거,현재,그리고미래",3
2504,600034,모두의스타트업코딩,3
2505,600036,4차산업혁명:융합적분석과인문학의대안,3
2506,008888,그리스로마신화의이해,3
2507,006713,미디어와현대사회,3
2508,006714,현대과학으로의여행,3
2509,005698,패션코디네이션기초,3
2510,011323,K-MOOC:융합예술과문화공간기획,1
2511,006954,"Job Hunting Skills",3
2512,007564,이미지메이킹,2
2513,501349,경제야놀자,3
2514,010372,문화콘텐츠와인문학,3
2515,010375,일본어청취,3
2516,009092,동아시아역사화해론,3
2517,004446,역사철학강의,3
2518,010264,미디어빅데이터활용,3
2519,006595,손해보험,3
2520,007532,외식경영세미나,3
2521,010176,한국전통요리와궁중요리,3
2522,008055,전산수학실습,3
2523,006649,핵물리학,3
2524,006866,유전생화학,3
2525,001944,식품첨가물학,3
2526,010438,식물분자육종학,3
2527,010204,데이터베이스보안,3
2528,010331,프로덕트&모빌리티디자인3,3
2529,010341,프로덕트시스템디자인1,3
2530,007643,GIS프로그래밍및실습,3
2531,009188,디지털영상처리및실습,3
2532,009626,대기오염방지공학,3
2533,008174,GNSS설계,3
2534,007797,매핑시스템설계,3
2535,007583,지질재해론,3
2536,008147,발파및굴착공학,3
2537,009802,모의장비비행3,1
2538,008162,탄성파탐사공학,3
2539,009756,퍼포먼스워크샵1,3
2540,010029,퍼포먼스워크샵3,3
2541,008699,에쮸드와역할놀이(교육연극),2
2542,009606,민사소송법2,3
2543,010093,GMSW-디지털매체광고제작,3
2544,010770,전공실기1(트랜드댄스연구),3
2545,011253,디지털역사학응용캡스톤디자인,3
2546,011008,조향기초설계,3
2547,011296,"BA 캡스톤디자인",6
2548,011119,시스템생명공학,3
2549,009789,프로그래밍입문-P,3
2550,009790,고급프로그래밍입문-P,3
2551,009791,고급프로그래밍입문-C,3
2552,009799,소프트웨어기초코딩,3
2553,009939,동서양종교의이해,3
2554,010132,유니스토리,3
2555,010528,컴퓨팅사고기반기초코딩,3
2556,010669,한국전쟁을통해보는한국의이해,3
2557,004546,패션디자인의이해,3
2558,008896,언어와사회의이해,3
2559,010135,재난대응과안전리더십,1
2560,010362,푸른바다생물이야기,3
2561,501346,돈의역사를통해살펴본투자의지혜,3
2562,600022,성공하는문화콘텐츠소재개발전략,3
2563,600029,저작권과스마트폰의이해,2
2564,002649,일반물리학및실험2,3
2565,002703,일반화학,3
2566,002723,일반화학및실험2,3
2567,010140,일변수미적분학,3
2568,010141,다변수미적분학,3
2569,011182,대학생활과진로탐색,1
2570,008358,한국어어문생활의실제,3
2571,008491,한국어화용론,3
2572,007825,창의적영어읽기,3
2573,010382,일본문학개론,3
2574,007622,교통경제학,3
2575,010473,PR캠페인기획,3
2576,010850,소셜미디어분석,3
2577,007990,사회보험,3
2578,008560,레저스포츠경영론,3
2579,010826,"HTM 캡스톤디자인",3
2580,011203,"TPDM 캡스톤디자인",3
2581,009119,식품유통물류관리,3
2582,501325,항공.크루즈산업,3
2583,009396,호텔외식식품유통물류관리,3
2584,010172,글로벌서양요리실습,3
2585,010173,외식원가관리,3
2586,010878,전산수학실습1,3
2587,004584,회귀진단,3
2588,009819,응용통계학특강2(종합설계),3
2589,009821,나노소자및광학실험(종합설계),3
2590,008588,분자모델링,3
2591,007609,식품일반미생물학,3
2592,005636,멀티미디어,3
2593,008667,모바일시스템보안,3
2594,006308,근대건축사,3
2595,004607,동양건축사,3
2596,004711,PS콘크리트공학,3
2597,008155,전산지구물리학및실습,3
2598,008480,전기전자탐사공학,3
2599,010209,지하유체환경학,3
2600,009314,암반사면공학및실습,3
2601,008138,에너지공학,3
2602,008927,항해계기학,3
2603,009305,항공작전,2
2604,009302,항공우주추진공학,3
2605,009801,모의장비비행2,1
2606,009309,인공위성시스템,3
2607,010028,월드뮤직연구,3
2608,007696,국제통상학개론,3
2609,001134,무역실무,3
2610,010783,"전공실기2(K-Pop Dance)",3
2611,010788,사운드디자인실무2,3
2612,010759,코스메틱브랜드이해,3
2613,010700,"BA 비즈니스애널리틱스프로젝트",3
2614,011255,ST-서비스운영관리,3
2615,011219,단백체학,3
2616,010990,졸업프로젝트1,3
2617,011240,K-MOOC:미디어빅뱅시대의예술,1
2618,010416,자기주도창의교양Ⅳ,3
2619,010417,자기주도창의교양Ⅴ,3
2620,010426,두뇌로알아보는우리의삶,3
2621,011239,K-MOOC:예술가와디자이너를위한아트코딩,1
2622,010402,인간과우주,3
2623,010800,라틴아메리카의언어와문화,3
2624,500398,지구촌문화의이해와테마여행,3
2625,501286,생활재테크,3
2626,600021,전략적의사결정과문제해결,3
2627,600040,취업리더쉽1:성공DNA,2
2628,000929,독어,3
2629,009769,국제개발협력과해외봉사,3
2630,002647,일반물리학및실험1,3
2631,002719,일반화학및실험1,3
2632,011110,신입생세미나,1
2633,007822,영어문장의이해,3
2634,009083,일문학강독1,3
2635,010465,어플리케이션기획,3
2636,006694,스타마케팅,3
2637,010618,조직의이해,3
2638,009894,기초카지노경영실무,3
2639,010679,"SFM 딥러닝기반빅데이터분석기초",3
2640,010853,호텔외식서비스마케팅,3
2641,009391,외식기업경영론,3
2642,010167,글로벌동양요리실습,3
2643,010171,메뉴기획과디자인,3
2644,001445,복소수해석학1,3
2645,004027,회귀분석,3
2646,009685,진화의학,3
2647,005868,건축개론,3
2648,007454,공학설계입문,3
2649,007414,건축드로잉,3
2650,006578,현대건축론,3
2651,004855,토목시공학,3
2652,009146,신재생에너지,3
2653,009190,WebGIS및실습,3
2654,009564,암반공학설계및실습,3
2655,009581,원자로안전공학,3
2656,009800,모의장비비행1,1
2657,009294,비행안전,3
2658,009306,항공전자시스템,3
2659,010010,남성복캡스톤디자인,3
2660,011235,통합예술교육콘텐츠기획실습,1
2661,010360,청년에게들려주는통일이야기,1
2662,009452,창업과기업가정신2,1
2663,009784,기후변화와창조경영,3
2664,010403,동양사상산책,3
2665,010406,인물로보는세계사,3
2666,501339,보고즐기는미술산책,3
2667,600011,글로벌시대의예술과가치,3
2668,600039,미래소비사회와상품,2
2669,009707,생명시스템공학입문,2
2670,009030,취업역량개발론,1
2671,008375,영미문화탐방,3
2672,009097,글로벌커뮤니케이션,3
2673,009095,일문학강독3,3
2674,008743,중국사상과역사,3
2675,009511,통상중국어회화,3
2676,003593,한국사회경제사,3
2677,010456,금융경제세미나,3
2678,009911,대화와가십,3
2679,008431,프리젠테이션실무,3
2680,010499,"Practices of Venture Creation",3
2681,009897,고급카지노경영실무,3
2682,501290,페스티벌이벤트경영론,3
2683,010162,양식조리실습,3
2684,010165,레스토랑주방시설관리론,3
2685,001786,수리통계학2,3
2686,010316,자기주도형전공설계1,2
2687,008583,금속착물화학,3
2688,005145,천연물화학,3
2689,007469,나노식품공학,3
2690,009709,자원식물공학,3
2691,010440,문제해결기법,3
2692,006143,디지털사운드,3
2693,009996,데이터분석,3
2694,010084,오픈소스SW공학,3
2695,010623,Capstone디자인B(융합프로덕트종합설계),6
2696,004272,물리전자공학,3
2697,010232,센서소자및시스템,3
2698,P00019,전공인턴십7,6
2699,010688,디지털모션스튜디오2,3
2700,010674,영상컨셉디자인,3
2701,010290,3D애니메이션종합설계2,3
2702,010586,3D제작스튜디오2,3
2703,004614,하수및폐수처리공학,3
2704,005239,전산구조해석,3
2705,007754,강구조공학2,3
2706,008242,공업교과교재연구및지도법,3
2707,008326,공업논리및논술,3
2708,010266,토질역학2,3
2709,010268,철근콘크리트공학2,3
2710,005223,환경수리학,3
2711,006223,현장실습,0
2712,007710,디지털지도,3
2713,005601,측지학,3
2714,009189,공간DBMS및실습,3
2715,007795,지구물리탐사,3
2716,009562,암석역학및실습,3
2717,009315,자원개발공학및실습,3
2718,009018,산학협동강좌2,3
2719,010505,유기전자소자,3
2720,009847,원자력고등수학,3
2721,009293,군사교리,3
2722,010464,일반비행절차,1
2723,009304,항공법,2
2724,009534,항공생리훈련,1
2725,003384,판화2,2
2726,008847,무용교육,3
2727,010965,댄스리터러시와교수방법,2
2728,006175,촬영조명2,3
2729,008784,판례민법,3
2730,009716,ES-디지털스토리텔링,3
2731,009723,"ES-콜라보레이션 크리에이티브",3
2732,010090,GMSW-자연어처리와프로그래밍언어,3
2733,010091,GMSW-IT기술영작문(심화),3
2734,010117,SM-소셜미디어기초프로그래밍,3
2735,010424,SM-소프트웨어상품혁신론,3
2736,011105,과학기술커뮤니케이션,3
2737,011012,세라믹앤쥬얼리디자인이해,3
2738,010763,아트앤디자인믹스,3
2739,011000,문화재원기획운용론,3
2740,011109,북극거버넌스,3
2741,011031,"BA 데이터애널리틱스",3
2742,010699,"BA 회계애널리틱스",3
2743,010625,ST-스마트투어리즘경영론,3
2744,010634,ST-컨설팅방법론,3
2745,011057,생물소재가공설계학,3
2746,010717,뉴미디어모션디자인2,3
2747,010987,CGI제작기초2,3
2748,010351,대학생활과진로설계,1
2749,010404,유대인의창의성과리더십,3
2750,501309,가족스트레스와대처,3
2751,600031,철학과인간가치,3
2752,006096,한일교류사,2
2753,501274,한글의세계화,3
2754,600018,문화콘텐츠스토리텔링전략,3
2755,600020,음식과세계문화,3
2756,501266,사회적기업의이해와창업,3
2757,600015,생태친화적기업경영,3
2758,010411,K-MOOC:모빌리티디자인방법론,1
2759,010799,세종인을위한합창,2
2760,501338,유튜브영상편집기초,3
2761,005572,일문학입문,3
2762,008390,한일문화의교류현장,3
2763,008409,일통번역의이론과실제,3
2764,009501,중국어회화1,3
2765,007954,중국기업경영론,3
2766,008759,중국경제신문독해,3
2767,009107,공공거버넌스와네트워크,3
2768,009286,"Asian Business Culture",3
2769,000619,국제경영론,3
2770,007980,의사결정론,3
2771,009871,"International Retailing",3
2772,010616,비즈니스프로세스관리,3
2773,009883,"Global Business Negotiation",3
2774,501337,문화엔터테인먼트관광,3
2775,009407,호텔외식관리회계,3
2776,010157,한식조리실습,3
2777,010158,글로벌식재료연구,3
2778,005399,현대물리학,3
2779,008566,기초현대물리학실험,3
2780,010317,자기주도형전공설계2,2
2781,009143,응용화학연구및실험1,3
2782,007640,VHDL프로그래밍,3
2783,005618,네트워크프로그래밍,3
2784,008668,임베디드시스템보안,3
2785,010247,무인비행체제어실습,3
2786,010622,Capstone디자인A(융합프로덕트종합설계),6
2787,011087,디지털모션스튜디오1,3
2788,011091,비주얼디벨롭먼트,3
2789,010289,3D애니메이션종합설계1,3
2790,010585,3D제작스튜디오1,3
2791,009794,졸업작품(P/NP)-종합설계,0
2792,008643,구조역학및연습,3
2793,010265,토질역학1,3
2794,010267,철근콘크리트공학1,3
2795,004453,상수및정수처리공학,3
2796,007670,강구조공학1,3
2797,007841,공업교과교육론,3
2798,009558,자원지질학,3
2799,009572,핵융합개론,3
2800,009848,원자력발전및방사선실무,3
2801,009853,모의장비이론및실습,3
2802,009308,항공영어,2
2803,010463,항공군수산업,1
2804,010003,공간연구1,2
2805,004459,판화1,2
2806,009210,멀티미디어와회화3,2
2807,004468,패션일러스트레이션,3
2808,010641,실용건반화성,3
2809,010033,음악극워크샵,3
2810,010964,무용작품비평및교육,2
2811,010963,통합예술교육콘텐츠기획,2
2812,008729,시장경제와법,3
2813,009721,ES-3D프린팅의실무와활용,3
2814,010085,GMSW-IT기술영작문(기초),3
2815,010100,GMSW-영어데이터프로젝트,3
2816,010116,SM-소셜미디어서비스기획,3
2817,010119,SM-소셜미디어분석,3
2818,010347,SM-소셜비즈니스모델,3
2819,010776,사운드디자인실무1,3
2820,011018,뉴미디어콜라보레이션1,3
2821,011019,공연예술현장연구,3
2822,010747,아트앤컬쳐스터디투어,3
2823,011006,친환경디자인이해,3
2824,011046,북극정책,3
2825,011033,"BA 빅데이터비즈니스모델",3
2826,011034,"BA 마케팅애널리틱스",3
2827,010630,ST-수익관리,3
2828,010632,ST-사례연구,3
2829,010705,뉴미디어모션디자인1,3
2830,010983,CGI제작기초1,3
2831,010985,융합캡스톤디자인1,3
2832,011083,창업금융론,3
2833,008624,무선네트워크,3
2834,P00011,ICT인턴십3,9
2835,P00012,ICT인턴십4,12
2836,P00024,전공인턴십12,12
2837,010637,K-MOOC:파이썬을이용한기계학습개론,3
2838,006716,경력개발과멘토링,2
2839,007495,동서양음식문화사,3
2840,008303,"English Composition 1",2
2841,008304,"English Composition 2",2
2842,008377,전산개론-I,3
2843,008380,전산개론-M,3
2844,010544,K-MOOC:빅데이터와텍스트마이닝,1
2845,501270,인간행동의심리적이해,3
2846,501273,예술기행세계의박물관,3
2847,501300,인간관계심리학,3
2848,501302,컴퓨터활용,3
2849,501305,영화로영어말하기,3
2850,501307,컬러테라피,3
2851,501316,저는주식투자가처음인데요,3
2852,501322,혼자떠나는여행일본어,3
2853,501327,음악감상과함께하는대중음악사,3
2854,600005,"UCC(디지털동영상)기획,제작,편집및활용",3
2855,600016,21세기기업의인재상,2
2856,600030,문화행정론,3
2857,P00036,일반인턴십12,12
2858,001993,심리학의이해,3
2859,010665,빅데이터로세상보기,3
2860,004796,과학철학,3
2861,010529,"Technical Writing기초2",2
2862,007568,컴퓨터게임과문화,3
2863,501331,디지털게임의이해,3
2864,501253,영화및사진치료,3
2865,501277,"TOEIC R/C",3
2866,600028,생활속의계약과협상,3
2867,600033,테크노경영학(스타트업종합설계),3
2868,005173,생명의거시적세계,3
2869,010396,K-MOOC:알기쉬운드론항법제어,3
2870,501245,팝으로영어청취하기,3
2871,501330,생활중국어,3
2872,008879,미국문학의흐름,3
2873,010323,코퍼스속의영어어휘,3
2874,010367,미래융합:캡스톤디자인,3
2875,009502,중국어회화2,3
2876,009110,중국무역실무,3
2877,009504,영상중국어,3
2878,009512,중국산업과금융,3
2879,006389,동양중세의사회와문화,3
2880,004575,산업혁명과제국주의,3
2881,004576,쟁점한국사2,3
2882,006296,무역실무영어,3
2883,008423,금융경제론,3
2884,010450,부동산자산경제론,3
2885,008424,환경경제론,3
2886,010459,인구와경제,3
2887,007522,PR캠페인,3
2888,006804,전략경영,3
2889,009275,경영정보보안및감사,3
2890,010490,정보분석과의사결정,3
2891,009282,"Leadership & Entrepreneurship in Korea",3
2892,009287,"IT Industry in Korea",3
2893,008454,외식식품산업의이해,3
2894,010154,조리기초실무,3
2895,009144,응용화학연구및실험2,3
2896,007760,최신식품동향연구,3
2897,008603,실험면역학,3
2898,009864,식물유전공학및실험(종합설계),3
2899,009865,식물육종학및실험(종합설계),3
2900,004698,유선통신공학,3
2901,007588,방송시스템,3
2902,003272,컴파일러,3
2903,008666,정보보호특강2,3
2904,010245,무인비행체제어,3
2905,010286,만화연출,3
2906,006573,건축구조해석,3
2907,007599,유체역학2및실험,3
2908,008026,연료및연소공학,3
2909,009547,지반정보시스템및실습,3
2910,008118,항공우주공학실험2,3
2911,009569,원자로공학1,3
2912,005943,패키지디자인2,2
2913,008507,응용패턴설계,3
2914,007420,소재디자인,3
2915,008510,패션브랜드디자인,3
2916,001830,스키,1
2917,007011,골프2,1
2918,000853,농구,1
2919,001423,배드민턴,1
2920,003196,체력육성,1
2921,001050,레크레이션,2
2922,008863,커뮤니티댄스,2
2923,010042,애니메이션워크샵-종합설계2,3
2924,010044,만화워크샵-종합설계2,3
2925,007036,신체소리구성법2,2
2926,010051,Movement와몸언어2(전통연희),2
2927,010608,소셜벤처,3
2928,009972,ES-기초프로그래밍,3
2929,010122,SM-소셜미디어운영전략,3
2930,010784,트렌드댄스연구,3
2931,010796,K-POP댄스2,3
2932,010786,안무원리,3
2933,010787,공연예술ICT콜라보레이션2,3
2934,010792,크리에이터마스터2,3
2935,010793,오디션워크샵2,3
2936,010769,디자인CAD1,3
2937,010758,세라믹·보석디자인이해,3
2938,010761,가죽제품디자인2(중급),3
2939,010762,디자인CAD3,3
2940,010766,럭셔리패션브랜드제품디자인,3
2941,010768,럭셔리브랜드디자인포트폴리오,3
2942,010628,ST-알고리즘,3
2943,010546,ST-의사결정방법론,3
2944,010720,3D제작기초2,3
2945,010722,디지털애니메이션2,3
2946,010723,3D제작고급2,3
2947,010725,영상디자인종합설계워크샵2,3
2948,010726,뉴미디어디자인콜라보레이션,3
2949,010737,박물관미술관경영학,3
2950,010738,문화예술조직경영론,3
2951,010739,문화예술교육론,3
2952,010740,예술경매론,3
2953,010743,예술매체비평론,3
2954,010744,문화소비론,3
2955,010108,주제탐구와발표(SHP),1
2956,009782,플랜트엔지니어링,3
2957,010109,컨텐츠산업동향의이해,3
2958,009733,프로그래밍입문,3
2959,010409,K-MOOC:게임인공지능,1
2960,008379,전산개론-C,3
2961,006271,현대철학의문제,3
2962,004490,인간과문화,3
2963,007319,현대인의삶과와인,2
2964,500695,역사에담긴지식의즐거움,3
2965,501248,한국어문법교육론,3
2966,600032,채움과비움(나이듦의인문학적이해),2
2967,500214,커뮤니케이션의이해,3
2968,500842,여성과현대사회,3
2969,501263,부동산경매,3
2970,501280,놀이치료,3
2971,600009,문화콘텐츠마케팅전략의수립과집행,2
2972,600013,고객관계관리전략,3
2973,006100,반도체개론,3
2974,501281,뇌과학과심리,3
2975,002066,에어로빅,1
2976,500191,예술과생활,3
2977,501238,음악감상의이해,3
2978,501293,애니메이션역사,3
2979,501324,영화의이해와감상,3
2980,500432,영어권문화의이해,3
2981,001108,무관후보생교육2,2
2982,001112,무관후보생교육4,2
2983,008357,국어국문학의현재와미래,3
2984,010325,IT기반로컬라이제이션,3
2985,010376,일본기업경영론,3
2986,010389,아시아태평양시장마케팅론,3
2987,009513,동아시아경제론,3
2988,004573,근대한국사회와제국주의,3
2989,004574,동아시아의근대화,3
2990,004442,조선시대의생활사,3
2991,008736,인문학과교육,3
2992,003740,현대교육사상,3
2993,008420,응용미시경제학,3
2994,008421,개방거시경제학,3
2995,003529,한국무역론,3
2996,007517,방송제작기초,3
2997,007518,PR실무론,3
2998,008432,인터랙티브광고론,3
2999,006808,생산운영관리,3
3000,008238,상업정보교과교재연구및지도법,3
3001,008323,상업정보논리및논술,3
3002,010104,"Business Research Methods",3
3003,009886,기업지배구조와회계부정,3
3004,005279,와인과소몰리에론,3
3005,004297,호텔관광경영세미나,3
3006,008563,호텔프로젝트관리론,3
3007,008564,관광법규정책,3
3008,009635,벤처창업론,3
3009,009763,제과·제빵실습2,3
3010,007529,외식기업사례연구,3
3011,501231,커피학개론,3
3012,501326,관광자원상품기획,3
3013,501226,서비스매너,3
3014,004306,공업화학,3
3015,009844,바이오융합공학캡스톤디자인,3
3016,009856,바이오자원공학및실습,3
3017,008095,반도체에너지공학,3
3018,008612,전기전자재료공학,3
3019,010535,K-MOOC:이동통신의원리와응용,3
3020,008073,심화프로그래밍설계,3
3021,008066,모바일프로그래밍,3
3022,009177,소프트웨어공학과보안,3
3023,009179,보안경진대회트레이닝2,1
3024,009995,고급실시간그래픽스,3
3025,001082,마이크로컴퓨터,3
3026,010223,창의융합노마드,3
3027,010243,유체공기역학,3
3028,001030,디자인사,2
3029,010277,디지털드로잉,3
3030,010287,비주얼프로그래밍,3
3031,010315,디자인인모션2,3
3032,010285,디지털제작과제연구(P/NP),3
3033,010502,컬러&라이팅,3
3034,010503,리깅&애니메이션,3
3035,010536,지능형웹툰소프트웨어실무제작,3
3036,010537,지능형웹툰스토리텔링워크샵,3
3037,004612,토질역학및실험2,3
3038,004613,철근콘크리트공학및실험2,3
3039,006671,지구의구조및진화,3
3040,008030,환경기기분석및실험,3
3041,009546,석유지질학,3
3042,007161,메카트로닉스기초설계,3
3043,009194,항공우주공학연구2,3
3044,009202,나노신소재창의연구2,3
3045,010105,원자력법령,3
3046,009003,원자로동역학및실험,3
3047,009592,원자로보호및감시,3
3048,008772,유도/수중무기시스템,3
3049,009208,수중음향학,3
3050,010004,공간연구2,2
3051,001715,서예,2
3052,008959,회화와일러스트레이션,2
3053,009211,멀티미디어와회화4,2
3054,009213,제품및운송기기디자인2,3
3055,009461,디지털미디어디자인1,3
3056,008246,디자인.공예교과교재연구및지도법,3
3057,008330,디자인.공예논리및논술,3
3058,009943,제품디자인스튜디오2,3
3059,009944,디자인경영,2
3060,009463,디지털미디어디자인3,3
3061,005562,패션코디네이션,3
3062,007539,오케스트라2,2
3063,010023,대중음악사,3
3064,007540,오케스트라4,2
3065,003310,클래스피아노2,3
3066,010024,실용음악화성학1,3
3067,007541,오케스트라6,2
3068,001683,서양음악사2,3
3069,007542,오케스트라8,2
3070,010021,실용음악공연워크샵2,3
3071,008534,육상(필드),1
3072,003201,체육관리학,3
3073,001417,배구,1
3074,006334,모던째즈댄스,1
3075,003370,특수체육,3
3076,008848,무용제작실습,1
3077,008861,캐릭터댄스,2
3078,008214,디지털만화제작2,3
3079,008808,3D애니메이션제작고급2,3
3080,008810,시각효과고급2,3
3081,008812,애니메이션액팅고급2,3
3082,010037,사운드프로덕션-종합설계,3
3083,010038,산학협력만화캡스톤디자인,3
3084,010045,프로덕션디자인-캡스톤디자인,2
3085,006342,영화이론비평세미나2,3
3086,007078,연극영화교육론,2
3087,004928,공중보건학,3
3088,009417,화장품학,3
3089,009447,헤어컬러링,3
3090,009439,전공실무연수8,3
3091,009594,뷰티살롱테크닉실습2,3
3092,009595,뷰티컬렉션리서치,3
3093,009599,어드밴스드뷰티테크닉2,3
3094,009360,창업기회의발견과벤처파이낸싱,3
3095,010071,창업아이디어의사업화2,3
3096,010074,창업실무의이해2,3
3097,009361,사업계획서작성프로젝트,3
3098,010075,특허기술사업화,3
3099,009488,ES-3D애니메이션SW의활용,3
3100,009718,ES-디지털영상의합성과편집,3
3101,010425,ES-엔터테인먼트SW미디어프로젝트,6
3102,010089,GMSW-크로스미디어매체기획SW실습,3
3103,010484,GMSW-오픈소스와언어분석,3
3104,010125,SM-소셜미디어프로젝트,6
3105,010128,SM-소셜인텔리전스,3
3106,009737,중국한류와문화콘텐츠,3
3107,010137,K-MOOC:4차산업혁명과사물인터넷입문,1
3108,007672,동남아의정치경제와사회,3
3109,008893,제3세계의이해,3
3110,010405,철학오딧세이,3
3111,007358,문화재의이해와보존,3
3112,500397,글로벌시대의화법과문화,3
3113,501306,문학치료,3
3114,501308,가족학,3
3115,009940,정치와생활,3
3116,501310,4차산업혁명의이해,3
3117,501311,기초회계,3
3118,501313,광고홍보전략,3
3119,501314,알기쉬운금융용어,3
3120,501315,인터넷을이용한주식거래,3
3121,600014,기업경영과비즈니스전략,2
3122,600025,감성정부론,2
3123,005820,암과예방,3
3124,501318,코딩기초,3
3125,006429,연기예술의이해,2
3126,007351,현대시의이해와감상,3
3127,008261,디지털영상제작의기초,3
3128,501304,초급영어통번역,3
3129,501312,주류의세계,3
3130,001106,무관후보생교육1,2
3131,001110,무관후보생교육3,2
3132,000590,국어사,3
3133,010322,언어데이터와텍스트마이닝,3
3134,008953,영어의기원과발달,3
3135,010324,멀티미디어영어교육론,3
3136,008389,세계속의일본어,3
3137,010378,일본경제세미나,3
3138,005169,동아시아국제관계론,3
3139,009499,중국근현대사,3
3140,009500,중국어독해,3
3141,010388,동아시아문화비교론,3
3142,004443,서양근대사회와시민혁명,3
3143,004444,근세의동아시아,3
3144,004447,쟁점한국사1,3
3145,008735,대학과진로,3
3146,010442,"마음,뇌,교육",3
3147,005160,한국사상과교육,3
3148,007905,청소년교육론,3
3149,007632,평생교육실습(P/NP),0
3150,004060,재정학,3
3151,007852,한국산업론,3
3152,010452,정보통신경제학,3
3153,009910,정치와행정,3
3154,006862,여론조사이론및실무,3
3155,006863,광고기획,3
3156,006461,광고와소비자,3
3157,007410,방송제작워크샵,3
3158,008430,PR작문법,3
3159,007838,상업정보교과교육론,3
3160,009878,프랜차이즈시스템관리,3
3161,010489,R을이용한정보활용,3
3162,010493,조직과의사결정,3
3163,010497,"Global Human Resource Management",3
3164,010498,"Practices of Innovation in a Global Context",3
3165,010487,국제재무,3
3166,008556,호텔경영정보시스템,3
3167,009617,세계주류문화의이해,3
3168,009627,여행항공경영론,3
3169,009891,서비스스케줄링,3
3170,009893,지역관광계획개발론,3
3171,009521,외식식품구매유통관리,3
3172,008459,외식생산관리,3
3173,008460,외식마케팅조사,3
3174,009522,외식프랜차이즈경영론,3
3175,006140,케이터링경영론,3
3176,501303,외식창업론,3
3177,009125,HRT프랜차이즈상권분석,3
3178,501230,레스토랑디자인,3
3179,501244,축제속의술문화,3
3180,009394,호텔외식프랜차이즈경영론,3
3181,010152,한국음식의이해,3
3182,501317,조리학,3
3183,006496,나노화학,3
3184,008114,재료화학,3
3185,008584,화학과소프트웨어2,3
3186,009145,크로마토그래피실습,3
3187,001924,식품미생물학및실험,3
3188,009862,식물생리학및실험(종합설계),3
3189,009863,생화학및실험(종합설계),3
3190,009677,식물대사공학,3
3191,006557,멀티미디어통신,3
3192,008279,태양전지공학,3
3193,009987,임베디드시스템및보안,3
3194,009988,데이터베이스및보안,3
3195,010444,보안경진대회트레이닝,1
3196,008654,리버스엔지니어링,3
3197,008665,정보보호특강1,3
3198,009180,네트워크보안,3
3199,010460,소프트웨어교육1,3
3200,008292,패턴인식개론,3
3201,004879,발상과표현,3
3202,010274,라이프드로잉,3
3203,006205,해부학,3
3204,010275,비쥬얼씽킹,3
3205,010313,웹프로그래밍&웹퍼블리싱,3
3206,008218,컨셉디자인,3
3207,008789,디지털제작도구연구,3
3208,009508,자바프로그래밍,3
3209,010280,만화제작,3
3210,010500,모델링&텍스처링,3
3211,007378,유체역학1및연습,3
3212,004452,철근콘크리트공학및실험1,3
3213,007669,수리학및실습,3
3214,007416,해석사진측정,3
3215,007417,지구원격탐사및실습,3
3216,005860,조정계산론,3
3217,008172,원격탐사설계,3
3218,009561,지열에너지개발공학,3
3219,008144,구조지질학및실습,3
3220,008151,에너지원격탐사및실습,3
3221,008481,물리검층,3
3222,009550,광물금속자원학,3
3223,009570,원자로공학2,3
3224,009575,원자력안전규제,3
3225,009203,해양스포츠,1
3226,009209,미술경영,2
3227,009212,제품및운송기기디자인1,3
3228,009942,제품디자인스튜디오1,3
3229,006547,인포메이션디자인2,2
3230,006922,기초패키지디자인,2
3231,007844,디자인.공예교과교육론,3
3232,005922,패키지디자인1,2
3233,009462,디지털미디어디자인2,3
3234,010009,디자인창업,2
3235,005666,텍스타일디자인,3
3236,008509,고급패턴설계,3
3237,009645,디지털패션CAD,3
3238,009646,기초니트설계,3
3239,005203,고급패턴제작,3
3240,008520,창작패턴설계,3
3241,008521,패션컬렉션,3
3242,007422,오케스트라1,2
3243,009917,실용음악감상법,3
3244,009926,미디기초및기초악전(사보),3
3245,007481,오케스트라3,2
3246,003307,클래스피아노1,3
3247,007482,오케스트라5,2
3248,001681,서양음악사1,3
3249,009922,실용음악합주5,3
3250,010026,실용음악분석법1,3
3251,007483,오케스트라7,2
3252,010031,재즈음악사,3
3253,002029,야영,1
3254,007008,골프1,1
3255,000718,기계체조,1
3256,008535,뉴스포츠지도법,3
3257,008537,리듬체조,1
3258,008833,무용작품분석,2
3259,008199,디지털만화제작1,3
3260,008807,3D애니메이션제작고급1,3
3261,008809,시각효과고급1,3
3262,008811,애니메이션액팅고급1,3
3263,010039,산학실무애니메이션캡스톤디자인,3
3264,010041,애니메이션워크샵-종합설계1,3
3265,010043,만화워크샵-종합설계1,3
3266,006914,신체소리구성법1,2
3267,010052,Movement와몸언어1(댄스),2
3268,004731,시나리오작법2,3
3269,006908,동양및한국연극사,1
3270,009438,전공실무연수7,3
3271,009589,크리에이티브커트,3
3272,009591,퍼스널이미지메이킹,3
3273,009593,뷰티살롱테크닉실습1,3
3274,009598,어드밴스드뷰티테크닉1,3
3275,004581,창업과사업성검토,3
3276,010066,기술발전과미래동향,3
3277,010070,창업아이디어의사업화1,3
3278,010073,창업실무의이해1,3
3279,010064,문화예술융합창업마케팅,3
3280,010068,창업시장조사,3
3281,010072,창업아이디어의사업화3,3
3282,009720,ES-영상처리소프트웨어,3
3283,010481,ES-디지털다큐멘터리,3
3284,010087,GMSW-빅데이터와영어텍스트마이닝,3
3285,009063,"English for Professional Purposes 1",2
3286,009064,"English for Professional Purposes 2",2
3287,009055,IT-패션융합디자인,3
3288,009783,언어와생명체가들려주는미래사회이야기,3
3289,010076,소셜벤처의이론과실제,3
3290,007325,미적분학및연습1,3
3291,007326,미적분학및연습2,3
3292,007553,범죄심리학,3
3293,501282,사이버중독심리,3
3294,501283,인공지능과인터넷심리,3
3295,501298,윤리학개론,3
3296,600024,나이의문화사,2
3297,007556,우리의음식문화사,3
3298,501241,음식과관광,3
3299,501278,한국의현대문화,3
3300,003731,헌법,3
3301,005831,교양민법,3
3302,501249,상담이론과실제,3
3303,501251,청소년상담,3
3304,501252,학교상담,3
3305,501275,"Reading in Business",3
3306,501279,가족상담및치료,3
3307,501284,가족생활교육,3
3308,501285,가족복지,3
3309,501287,실전재테크,3
3310,501288,홍보학개론,3
3311,501289,가치투자입문,3
3312,501291,사물인터넷개론,3
3313,501292,클라우드시스템개론,3
3314,007336,일상생활속의예술,3
3315,007765,춤과사랑이야기,3
3316,501276,"Role Play English",3
3317,501294,공연제작과비즈니스,3
3318,501295,뮤직비즈니스개론,3
3319,010408,"Technical Writing실무",2
3320,009773,학교폭력예방의이론과실제,2
3321,004491,한국어의이해,3
3322,006436,문학과언어,3
3323,009099,일본의근대문학,3
3324,005843,일본어작문2,3
3325,008393,고급일본어2,3
3326,008392,일본의시대별문학,3
3327,004570,역사학이란무엇인가,3
3328,004807,기독교와봉건제사회,3
3329,008738,국제·다문화교육제도,3
3330,007975,무역결제론,3
3331,009104,국제통상학세미나,3
3332,010348,정치와정책,3
3333,007405,기획취재,3
3334,007524,VJ제작,3
3335,007526,광고와사회,3
3336,010103,"Practices of Venture Business in Korea",3
3337,007270,물류관리,3
3338,009283,"Strategies for Asian Emerging Markets",3
3339,008561,카지노고급실무론,3
3340,009392,와인과소믈리에론,3
3341,007508,호텔경영세미나,3
3342,000313,관광경영세미나,3
3343,007512,여행사창업론,3
3344,005610,급식경영,3
3345,006366,푸드코디론,3
3346,501228,소믈리에실무,3
3347,501242,메뉴디자인,3
3348,007189,고객관계관리,3
3349,006760,천문관측및실습,3
3350,008573,나노소자및광학실험,3
3351,008042,중력과우주,3
3352,009526,화학과소프트웨어,3
3353,006317,분자바이러스학,3
3354,006320,동물유전공학및실험,3
3355,004832,전자공학특강2,3
3356,008097,전자공학종합설계,3
3357,010422,K-MOOC:파이썬을이용한빅데이터분석,3
3358,008648,시스템관리및보안,3
3359,008284,인터넷보안,3
3360,008670,사이버전쟁과테러리즘,3
3361,009183,리버싱2,3
3362,008289,컴퓨터그래픽스2,3
3363,010278,창의융합노마드(P/NP),3
3364,009187,부동산개발론,3
3365,007593,빌딩시스템,3
3366,007165,전산지구정보및실습,3
3367,006895,암반역학및실습,3
3368,007582,응용원격탐사및실습,3
3369,008012,수질환경분석및실험,3
3370,008173,지구동력학실습,3
3371,008160,경제성평가,3
3372,009317,에너지지하저장설계및실습,3
3373,007267,항공기설계및CAD,3
3374,009199,반도체와고분자화학기초실험,3
3375,009852,핵연료성능평가,3
3376,009320,해양학개론,3
3377,006448,인포메이션디자인1,2
3378,009454,제품조형스튜디오,3
3379,005668,창작의상디자인,3
3380,006550,니트디자인,3
3381,009647,디지털패션디자인,3
3382,009921,실용음악합주4,3
3383,009923,실용음악합주6,3
3384,009933,레코딩실습4,3
3385,003320,태권도,1
3386,008788,네러티브워크샵2,3
3387,008795,3D애니메이션제작기초2,3
3388,008800,애니메이션액팅기초2,3
3389,008806,디지털제작기법연구,3
3390,004872,영화미술,3
3391,007074,연기실습Project2,3
3392,009444,모발및두피관리,3
3393,009427,뷰티디자인실습,3
3394,009437,전공실무연수6,3
3395,009446,메디컬스킨케어,3
3396,009448,아트메이크업,3
3397,010092,GMSW-영상프로덕션,3
3398,010098,GMSW-IT기술을활용한로컬라이제이션,3
3399,010423,SM-소셜HCI,3
3400,008891,인체와생명,3
3401,004540,실용한문,3
3402,007342,우리의전통주이야기,2
3403,007362,한옥과전통문화,3
3404,007364,궁중건축돌아보기,3
3405,000381,관광학개론,3
3406,001430,법학개론,3
3407,004668,사회복지학개론,3
3408,004762,증권투자의이해,3
3409,009336,저작권의이해,3
3410,003146,지리학개론,3
3411,005561,패션산업개론,3
3412,005566,무용과생활,3
3413,501243,머천다이징,3
3414,008352,한국어의사소통기법,3
3415,008354,한국어문법론,3
3416,008362,한국어교육론,3
3417,006850,한국어의미론,3
3418,008487,한국어의역사,3
3419,010385,세계화와국제관계,3
3420,007178,시사경영영어,3
3421,007652,영어에세이읽기,3
3422,010365,언어데이터와텍스트마이닝,3
3423,004806,일본어작문1,3
3424,008387,고급일본어1,3
3425,004439,한국고대의사회와문화,3
3426,004441,동양문명의기원,3
3427,007906,그리스·로마문명,3
3428,004579,인지심리학,3
3429,000263,고등교육론,3
3430,009103,후생경제학,3
3431,009907,행정과경제,3
3432,003721,행정학연습,3
3433,009877,"Practices of Innovation in Korea",3
3434,006441,인터넷마케팅,3
3435,009289,"Comparative Managment",3
3436,009613,호텔관광경영론,3
3437,007442,관광인터넷마케팅,3
3438,009344,Hospitality전략경영세미나,3
3439,009343,호텔및MICE법규,3
3440,009551,외식주방경영론,3
3441,007263,미분기하학1,3
3442,004503,열및통계물리학2,3
3443,007102,식품물성학,3
3444,009335,동물자원식품학,3
3445,009348,바이오융합공학연구2,3
3446,006117,분자면역학,3
3447,009161,육종학및실험,3
3448,008605,시스템생물학,3
3449,009163,바이오자원공학1,3
3450,004684,영상통신,3
3451,004685,전자공학특강1,3
3452,008099,오디오및음성신호처리,3
3453,008280,반도체공정설계,3
3454,009248,캡스톤설계,3
3455,006980,광디스플레이,3
3456,009983,기초컴퓨터네트워크,3
3457,002010,알고리즘,3
3458,009175,보안경진대회트레이닝1,1
3459,009181,소프트웨어보안2,3
3460,009182,리버싱1,3
3461,007687,콘텐츠저작설계,3
3462,008288,컴퓨터그래픽스1,3
3463,007641,측량자료처리및실습,3
3464,008031,환경에너지세미나2,3
3465,008594,고급하폐수처리,3
3466,009318,에너지자원공학세미나,3
3467,008116,항공우주공학실험1,3
3468,009197,금속과세라믹기초실험,3
3469,007762,공학전산,3
3470,009019,광전자소자,3
3471,000785,기초시각디자인2,3
3472,006368,기초산업디자인2,3
3473,003279,컴퓨터그래픽,3
3474,005927,남성복디자인,3
3475,009918,실용음악합주1,3
3476,009920,실용음악합주3,3
3477,003469,피아노문헌3,3
3478,009932,레코딩실습3,3
3479,010036,무용테크놀로지워크샵,2
3480,008787,네러티브워크샵1,3
3481,008794,3D애니메이션제작기초1,3
3482,008799,애니메이션액팅기초1,3
3483,006909,연기실습Project1,3
3484,008685,보컬트레이닝2,3
3485,006169,영화이론비평세미나1,3
3486,008690,매체연기실습3,3
3487,009433,기초드라이실습,3
3488,009421,피부미용학,3
3489,009423,뷰티메이크업,3
3490,009424,크리에이티브네일,3
3491,009426,실무업스타일,3
3492,009428,전공실무연수5,3
3493,009726,ES-미디어퍼포먼스프로젝트,3
3494,010088,GMSW-콜로키움,3
